债券代码,债券简称,发行起始日,发行终止日,计划发行总量,实际发行总量,发行价格,单位面值,缴款日,增发次数,交易市场,发行方式,发行对象,公告日期,债券名称
237007,26吉林15,2026-04-29,2026-04-29,12.1404,12.1404,100.0,100,2026-04-30,0,上交所,荷兰式招标发行,,2026-04-22,2026年吉林省地方政府再融资一般债券(三期)
2605483,26吉林债15,2026-04-29,2026-04-29,12.1404,12.1404,100.0,100,2026-04-30,0,银行间债券市场,荷兰式招标发行,,2026-04-22,2026年吉林省地方政府再融资一般债券(三期)
566405,吉林2615,2026-04-29,2026-04-29,12.1404,12.1404,100.0,100,2026-04-30,0,深交所,荷兰式招标发行,,2026-04-22,2026年吉林省地方政府再融资一般债券(三期)
237008,26吉林16,2026-04-29,2026-04-29,9.7,9.7,100.0,100,2026-04-30,0,上交所,荷兰式招标发行,,2026-04-22,2026年吉林省地方政府再融资专项债券(四期)
2605484,26吉林债16,2026-04-29,2026-04-29,9.7,9.7,100.0,100,2026-04-30,0,银行间债券市场,荷兰式招标发行,,2026-04-22,2026年吉林省地方政府再融资专项债券(四期)
566406,吉林2616,2026-04-29,2026-04-29,9.7,9.7,100.0,100,2026-04-30,0,深交所,荷兰式招标发行,,2026-04-22,2026年吉林省地方政府再融资专项债券(四期)
237001,26吉林09,2026-04-29,2026-04-29,60.0,60.0,100.0,100,2026-04-30,0,上交所,荷兰式招标发行,,2026-04-22,2026年吉林省政府一般债券(二期)
2605477,26吉林债09,2026-04-29,2026-04-29,60.0,60.0,100.0,100,2026-04-30,0,银行间债券市场,荷兰式招标发行,,2026-04-22,2026年吉林省政府一般债券(二期)
566399,吉林2609,2026-04-29,2026-04-29,60.0,60.0,100.0,100,2026-04-30,0,深交所,荷兰式招标发行,,2026-04-22,2026年吉林省政府一般债券(二期)
237002,26吉林10,2026-04-29,2026-04-29,1.14,1.14,100.0,100,2026-04-30,0,上交所,荷兰式招标发行,,2026-04-22,2026年吉林省棚户区改造专项债券(一期)-2026年吉林省政府专项债券(三期)
2605478,26吉林债10,2026-04-29,2026-04-29,1.14,1.14,100.0,100,2026-04-30,0,银行间债券市场,荷兰式招标发行,,2026-04-22,2026年吉林省棚户区改造专项债券(一期)-2026年吉林省政府专项债券(三期)
566400,吉林2610,2026-04-29,2026-04-29,1.14,1.14,100.0,100,2026-04-30,0,深交所,荷兰式招标发行,,2026-04-22,2026年吉林省棚户区改造专项债券(一期)-2026年吉林省政府专项债券(三期)
237009,26吉林17,2026-04-29,2026-04-29,24.4382,24.4382,100.0,100,2026-04-30,0,上交所,荷兰式招标发行,,2026-04-22,2026年吉林省地方政府再融资专项债券(五期)
2605485,26吉林债17,2026-04-29,2026-04-29,24.4382,24.4382,100.0,100,2026-04-30,0,银行间债券市场,荷兰式招标发行,,2026-04-22,2026年吉林省地方政府再融资专项债券(五期)
566407,吉林2617,2026-04-29,2026-04-29,24.4382,24.4382,100.0,100,2026-04-30,0,深交所,荷兰式招标发行,,2026-04-22,2026年吉林省地方政府再融资专项债券(五期)
237004,26吉林12,2026-04-29,2026-04-29,6.13,6.13,100.0,100,2026-04-30,0,上交所,荷兰式招标发行,,2026-04-22,2026年吉林省政府专项债券(五期)
2605480,26吉林债12,2026-04-29,2026-04-29,6.13,6.13,100.0,100,2026-04-30,0,银行间债券市场,荷兰式招标发行,,2026-04-22,2026年吉林省政府专项债券(五期)
566402,吉林2612,2026-04-29,2026-04-29,6.13,6.13,100.0,100,2026-04-30,0,深交所,荷兰式招标发行,,2026-04-22,2026年吉林省政府专项债券(五期)
237005,26吉林13,2026-04-29,2026-04-29,9.68,9.68,100.0,100,2026-04-30,0,上交所,荷兰式招标发行,,2026-04-22,2026年吉林省政府专项债券(六期)
2605481,26吉林债13,2026-04-29,2026-04-29,9.68,9.68,100.0,100,2026-04-30,0,银行间债券市场,荷兰式招标发行,,2026-04-22,2026年吉林省政府专项债券(六期)
566403,吉林2613,2026-04-29,2026-04-29,9.68,9.68,100.0,100,2026-04-30,0,深交所,荷兰式招标发行,,2026-04-22,2026年吉林省政府专项债券(六期)
237003,26吉林11,2026-04-29,2026-04-29,16.0,16.0,100.0,100,2026-04-30,0,上交所,荷兰式招标发行,,2026-04-22,2026年吉林省收费公路专项债券(一期)-2026年吉林省政府专项债券(四期)
2605479,26吉林债11,2026-04-29,2026-04-29,16.0,16.0,100.0,100,2026-04-30,0,银行间债券市场,荷兰式招标发行,,2026-04-22,2026年吉林省收费公路专项债券(一期)-2026年吉林省政府专项债券(四期)
566401,吉林2611,2026-04-29,2026-04-29,16.0,16.0,100.0,100,2026-04-30,0,深交所,荷兰式招标发行,,2026-04-22,2026年吉林省收费公路专项债券(一期)-2026年吉林省政府专项债券(四期)
237006,26吉林14,2026-04-29,2026-04-29,2.04,2.04,100.0,100,2026-04-30,0,上交所,荷兰式招标发行,,2026-04-22,2026年吉林省政府专项债券(七期)
2605482,26吉林债14,2026-04-29,2026-04-29,2.04,2.04,100.0,100,2026-04-30,0,银行间债券市场,荷兰式招标发行,,2026-04-22,2026年吉林省政府专项债券(七期)
566404,吉林2614,2026-04-29,2026-04-29,2.04,2.04,100.0,100,2026-04-30,0,深交所,荷兰式招标发行,,2026-04-22,2026年吉林省政府专项债券(七期)
235963,26陕西20,2026-04-29,2026-04-29,29.9235,29.9235,100.0,100,2026-04-30,0,上交所,荷兰式招标发行,,2026-04-22,2026年陕西省地方政府再融资专项债券(五期)
235963,26陕西20,2026-04-29,2026-04-29,29.9235,29.9235,100.0,100,2026-04-30,0,银行间债券市场,荷兰式招标发行,,2026-04-22,2026年陕西省地方政府再融资专项债券(五期)
566398,陕西2620,2026-04-29,2026-04-29,29.9235,29.9235,100.0,100,2026-04-30,0,深交所,荷兰式招标发行,,2026-04-22,2026年陕西省地方政府再融资专项债券(五期)
235962,26陕西19,2026-04-29,2026-04-29,2.5,2.5,100.0,100,2026-04-30,0,上交所,荷兰式招标发行,,2026-04-22,2026年陕西省政府专项债券(九期)
235962,26陕西19,2026-04-29,2026-04-29,2.5,2.5,100.0,100,2026-04-30,0,银行间债券市场,荷兰式招标发行,,2026-04-22,2026年陕西省政府专项债券(九期)
566397,陕西2619,2026-04-29,2026-04-29,2.5,2.5,100.0,100,2026-04-30,0,深交所,荷兰式招标发行,,2026-04-22,2026年陕西省政府专项债券(九期)
235960,26陕西17,2026-04-29,2026-04-29,16.3475,16.3475,100.0,100,2026-04-30,0,上交所,荷兰式招标发行,,2026-04-22,2026年陕西省政府专项债券(七期)
235960,26陕西17,2026-04-29,2026-04-29,16.3475,16.3475,100.0,100,2026-04-30,0,银行间债券市场,荷兰式招标发行,,2026-04-22,2026年陕西省政府专项债券(七期)
566395,陕西2617,2026-04-29,2026-04-29,16.3475,16.3475,100.0,100,2026-04-30,0,深交所,荷兰式招标发行,,2026-04-22,2026年陕西省政府专项债券(七期)
235958,26陕西15,2026-04-29,2026-04-29,4.0,4.0,100.0,100,2026-04-30,0,上交所,荷兰式招标发行,,2026-04-22,2026年陕西省政府专项债券(五期)
235958,26陕西15,2026-04-29,2026-04-29,4.0,4.0,100.0,100,2026-04-30,0,银行间债券市场,荷兰式招标发行,,2026-04-22,2026年陕西省政府专项债券(五期)
566393,陕西2615,2026-04-29,2026-04-29,4.0,4.0,100.0,100,2026-04-30,0,深交所,荷兰式招标发行,,2026-04-22,2026年陕西省政府专项债券(五期)
235956,26陕西13,2026-04-29,2026-04-29,12.83,12.83,100.0,100,2026-04-30,0,上交所,荷兰式招标发行,,2026-04-22,2026年陕西省政府一般债券(四期)
235956,26陕西13,2026-04-29,2026-04-29,12.83,12.83,100.0,100,2026-04-30,0,银行间债券市场,荷兰式招标发行,,2026-04-22,2026年陕西省政府一般债券(四期)
566391,陕西2613,2026-04-29,2026-04-29,12.83,12.83,100.0,100,2026-04-30,0,深交所,荷兰式招标发行,,2026-04-22,2026年陕西省政府一般债券(四期)
235957,26陕西14,2026-04-29,2026-04-29,1.4,1.4,100.0,100,2026-04-30,0,上交所,荷兰式招标发行,,2026-04-22,2026年陕西省政府专项债券(四期)
235957,26陕西14,2026-04-29,2026-04-29,1.4,1.4,100.0,100,2026-04-30,0,银行间债券市场,荷兰式招标发行,,2026-04-22,2026年陕西省政府专项债券(四期)
566392,陕西2614,2026-04-29,2026-04-29,1.4,1.4,100.0,100,2026-04-30,0,深交所,荷兰式招标发行,,2026-04-22,2026年陕西省政府专项债券(四期)
235959,26陕西16,2026-04-29,2026-04-29,1.4,1.4,100.0,100,2026-04-30,0,上交所,荷兰式招标发行,,2026-04-22,2026年陕西省政府专项债券(六期)
235959,26陕西16,2026-04-29,2026-04-29,1.4,1.4,100.0,100,2026-04-30,0,银行间债券市场,荷兰式招标发行,,2026-04-22,2026年陕西省政府专项债券(六期)
566394,陕西2616,2026-04-29,2026-04-29,1.4,1.4,100.0,100,2026-04-30,0,深交所,荷兰式招标发行,,2026-04-22,2026年陕西省政府专项债券(六期)
235961,26陕西18,2026-04-29,2026-04-29,6.3,6.3,100.0,100,2026-04-30,0,上交所,荷兰式招标发行,,2026-04-22,2026年陕西省政府专项债券(八期)
235961,26陕西18,2026-04-29,2026-04-29,6.3,6.3,100.0,100,2026-04-30,0,银行间债券市场,荷兰式招标发行,,2026-04-22,2026年陕西省政府专项债券(八期)
566396,陕西2618,2026-04-29,2026-04-29,6.3,6.3,100.0,100,2026-04-30,0,深交所,荷兰式招标发行,,2026-04-22,2026年陕西省政府专项债券(八期)
199614,安徽2634,2026-04-28,2026-04-28,80.9526,80.9526,100.0,100,2026-04-29,0,深交所,荷兰式招标发行,,2026-04-21,2026年安徽省政府一般债券(一期)
199614,26安徽债34,2026-04-28,2026-04-28,80.9526,80.9526,100.0,100,2026-04-29,0,银行间债券市场,荷兰式招标发行,,2026-04-21,2026年安徽省政府一般债券(一期)
236698,26安徽34,2026-04-28,2026-04-28,80.9526,80.9526,100.0,100,2026-04-29,0,上交所,荷兰式招标发行,,2026-04-21,2026年安徽省政府一般债券(一期)
199613,安徽2633,2026-04-28,2026-04-28,19.61,19.61,100.0,100,2026-04-29,0,深交所,荷兰式招标发行,,2026-04-21,2026年安徽省政府专项债券(二十八期)
199613,26安徽债33,2026-04-28,2026-04-28,19.61,19.61,100.0,100,2026-04-29,0,银行间债券市场,荷兰式招标发行,,2026-04-21,2026年安徽省政府专项债券(二十八期)
236697,26安徽33,2026-04-28,2026-04-28,19.61,19.61,100.0,100,2026-04-29,0,上交所,荷兰式招标发行,,2026-04-21,2026年安徽省政府专项债券(二十八期)
199612,安徽2632,2026-04-28,2026-04-28,77.66,77.66,100.0,100,2026-04-29,0,深交所,荷兰式招标发行,,2026-04-21,2026年安徽省政府专项债券(二十七期)
199612,26安徽债32,2026-04-28,2026-04-28,77.66,77.66,100.0,100,2026-04-29,0,银行间债券市场,荷兰式招标发行,,2026-04-21,2026年安徽省政府专项债券(二十七期)
236696,26安徽32,2026-04-28,2026-04-28,77.66,77.66,100.0,100,2026-04-29,0,上交所,荷兰式招标发行,,2026-04-21,2026年安徽省政府专项债券(二十七期)
199611,安徽2631,2026-04-28,2026-04-28,6.2,6.2,100.0,100,2026-04-29,0,深交所,荷兰式招标发行,,2026-04-21,2026年安徽省政府专项债券(二十六期)
199611,26安徽债31,2026-04-28,2026-04-28,6.2,6.2,100.0,100,2026-04-29,0,银行间债券市场,荷兰式招标发行,,2026-04-21,2026年安徽省政府专项债券(二十六期)
236695,26安徽31,2026-04-28,2026-04-28,6.2,6.2,100.0,100,2026-04-29,0,上交所,荷兰式招标发行,,2026-04-21,2026年安徽省政府专项债券(二十六期)
199610,安徽2630,2026-04-28,2026-04-28,33.42,33.42,100.0,100,2026-04-29,0,深交所,荷兰式招标发行,,2026-04-21,2026年安徽省政府专项债券(二十五期)
199610,26安徽债30,2026-04-28,2026-04-28,33.42,33.42,100.0,100,2026-04-29,0,银行间债券市场,荷兰式招标发行,,2026-04-21,2026年安徽省政府专项债券(二十五期)
236694,26安徽30,2026-04-28,2026-04-28,33.42,33.42,100.0,100,2026-04-29,0,上交所,荷兰式招标发行,,2026-04-21,2026年安徽省政府专项债券(二十五期)
199609,安徽2629,2026-04-28,2026-04-28,7.04,7.04,100.0,100,2026-04-29,0,深交所,荷兰式招标发行,,2026-04-21,2026年安徽省政府专项债券(二十四期)
199609,26安徽债29,2026-04-28,2026-04-28,7.04,7.04,100.0,100,2026-04-29,0,银行间债券市场,荷兰式招标发行,,2026-04-21,2026年安徽省政府专项债券(二十四期)
236693,26安徽29,2026-04-28,2026-04-28,7.04,7.04,100.0,100,2026-04-29,0,上交所,荷兰式招标发行,,2026-04-21,2026年安徽省政府专项债券(二十四期)
199608,安徽2628,2026-04-28,2026-04-28,3.02,3.02,100.0,100,2026-04-29,0,深交所,荷兰式招标发行,,2026-04-21,2026年安徽省政府专项债券(二十三期)
199608,26安徽债28,2026-04-28,2026-04-28,3.02,3.02,100.0,100,2026-04-29,0,银行间债券市场,荷兰式招标发行,,2026-04-21,2026年安徽省政府专项债券(二十三期)
236692,26安徽28,2026-04-28,2026-04-28,3.02,3.02,100.0,100,2026-04-29,0,上交所,荷兰式招标发行,,2026-04-21,2026年安徽省政府专项债券(二十三期)
199606,安徽2626,2026-04-28,2026-04-28,4.48,4.48,100.0,100,2026-04-29,0,深交所,荷兰式招标发行,,2026-04-21,2026年安徽省政府专项债券(二十一期)
199606,26安徽债26,2026-04-28,2026-04-28,4.48,4.48,100.0,100,2026-04-29,0,银行间债券市场,荷兰式招标发行,,2026-04-21,2026年安徽省政府专项债券(二十一期)
236690,26安徽26,2026-04-28,2026-04-28,4.48,4.48,100.0,100,2026-04-29,0,上交所,荷兰式招标发行,,2026-04-21,2026年安徽省政府专项债券(二十一期)
199605,安徽2625,2026-04-28,2026-04-28,4.16,4.16,100.0,100,2026-04-29,0,深交所,荷兰式招标发行,,2026-04-21,2026年安徽省政府专项债券(二十期)
199605,26安徽债25,2026-04-28,2026-04-28,4.16,4.16,100.0,100,2026-04-29,0,银行间债券市场,荷兰式招标发行,,2026-04-21,2026年安徽省政府专项债券(二十期)
236689,26安徽25,2026-04-28,2026-04-28,4.16,4.16,100.0,100,2026-04-29,0,上交所,荷兰式招标发行,,2026-04-21,2026年安徽省政府专项债券(二十期)
199604,安徽2624,2026-04-28,2026-04-28,4.65,4.65,100.0,100,2026-04-29,0,深交所,荷兰式招标发行,,2026-04-21,2026年安徽省政府专项债券(十九期)
199604,26安徽债24,2026-04-28,2026-04-28,4.65,4.65,100.0,100,2026-04-29,0,银行间债券市场,荷兰式招标发行,,2026-04-21,2026年安徽省政府专项债券(十九期)
236688,26安徽24,2026-04-28,2026-04-28,4.65,4.65,100.0,100,2026-04-29,0,上交所,荷兰式招标发行,,2026-04-21,2026年安徽省政府专项债券(十九期)
199607,安徽2627,2026-04-28,2026-04-28,4.13,4.13,100.0,100,2026-04-29,0,深交所,荷兰式招标发行,,2026-04-21,2026年安徽省政府专项债券(二十二期)
199607,26安徽债27,2026-04-28,2026-04-28,4.13,4.13,100.0,100,2026-04-29,0,银行间债券市场,荷兰式招标发行,,2026-04-21,2026年安徽省政府专项债券(二十二期)
236691,26安徽27,2026-04-28,2026-04-28,4.13,4.13,100.0,100,2026-04-29,0,上交所,荷兰式招标发行,,2026-04-21,2026年安徽省政府专项债券(二十二期)
235946,26天津18,2026-04-28,2026-04-28,15.8793,15.8793,100.0,100,2026-04-29,0,上交所,荷兰式招标发行,,2026-04-21,2026年天津市政府一般债券(一期)
235946,26天津18,2026-04-28,2026-04-28,15.8793,15.8793,100.0,100,2026-04-29,0,银行间债券市场,荷兰式招标发行,,2026-04-21,2026年天津市政府一般债券(一期)
566381,天津2618,2026-04-28,2026-04-28,15.8793,15.8793,100.0,100,2026-04-29,0,深交所,荷兰式招标发行,,2026-04-21,2026年天津市政府一般债券(一期)
235948,26天津20,2026-04-28,2026-04-28,1.1,1.1,100.0,100,2026-04-29,0,上交所,荷兰式招标发行,,2026-04-21,2026年天津市政府专项债券(十一期)
235948,26天津20,2026-04-28,2026-04-28,1.1,1.1,100.0,100,2026-04-29,0,银行间债券市场,荷兰式招标发行,,2026-04-21,2026年天津市政府专项债券(十一期)
566383,天津2620,2026-04-28,2026-04-28,1.1,1.1,100.0,100,2026-04-29,0,深交所,荷兰式招标发行,,2026-04-21,2026年天津市政府专项债券(十一期)
235949,26天津21,2026-04-28,2026-04-28,3.0,3.0,100.0,100,2026-04-29,0,上交所,荷兰式招标发行,,2026-04-21,2026年天津市政府专项债券(十二期)
235949,26天津21,2026-04-28,2026-04-28,3.0,3.0,100.0,100,2026-04-29,0,银行间债券市场,荷兰式招标发行,,2026-04-21,2026年天津市政府专项债券(十二期)
566384,天津2621,2026-04-28,2026-04-28,3.0,3.0,100.0,100,2026-04-29,0,深交所,荷兰式招标发行,,2026-04-21,2026年天津市政府专项债券(十二期)
235947,26天津19,2026-04-28,2026-04-28,3.96,3.96,100.0,100,2026-04-29,0,上交所,荷兰式招标发行,,2026-04-21,2026年天津市政府专项债券(十期)
235947,26天津19,2026-04-28,2026-04-28,3.96,3.96,100.0,100,2026-04-29,0,银行间债券市场,荷兰式招标发行,,2026-04-21,2026年天津市政府专项债券(十期)
566382,天津2619,2026-04-28,2026-04-28,3.96,3.96,100.0,100,2026-04-29,0,深交所,荷兰式招标发行,,2026-04-21,2026年天津市政府专项债券(十期)
199622,大连2612,2026-04-28,2026-04-28,11.2833,11.2833,100.0,100,2026-04-29,0,深交所,荷兰式招标发行,,2026-04-21,2026年大连市地方政府再融资一般债券(三期)
199622,26大连债12,2026-04-28,2026-04-28,11.2833,11.2833,100.0,100,2026-04-29,0,银行间债券市场,荷兰式招标发行,,2026-04-21,2026年大连市地方政府再融资一般债券(三期)
237000,26大连12,2026-04-28,2026-04-28,11.2833,11.2833,100.0,100,2026-04-29,0,上交所,荷兰式招标发行,,2026-04-21,2026年大连市地方政府再融资一般债券(三期)
199621,大连2611,2026-04-28,2026-04-28,18.0,18.0,100.0,100,2026-04-29,0,深交所,荷兰式招标发行,,2026-04-21,2026年大连市地方政府再融资一般债券(二期)
199621,26大连债11,2026-04-28,2026-04-28,18.0,18.0,100.0,100,2026-04-29,0,银行间债券市场,荷兰式招标发行,,2026-04-21,2026年大连市地方政府再融资一般债券(二期)
236699,26大连11,2026-04-28,2026-04-28,18.0,18.0,100.0,100,2026-04-29,0,上交所,荷兰式招标发行,,2026-04-21,2026年大连市地方政府再融资一般债券(二期)
235950,26天津22,2026-04-28,2026-04-28,1.0,1.0,100.0,100,2026-04-29,0,上交所,荷兰式招标发行,,2026-04-21,2026年天津市地方政府再融资专项债券(七期)
235950,26天津22,2026-04-28,2026-04-28,1.0,1.0,100.0,100,2026-04-29,0,银行间债券市场,荷兰式招标发行,,2026-04-21,2026年天津市地方政府再融资专项债券(七期)
566385,天津2622,2026-04-28,2026-04-28,1.0,1.0,100.0,100,2026-04-29,0,深交所,荷兰式招标发行,,2026-04-21,2026年天津市地方政府再融资专项债券(七期)
235951,26天津23,2026-04-28,2026-04-28,16.0,16.0,100.0,100,2026-04-29,0,上交所,荷兰式招标发行,,2026-04-21,2026年天津市地方政府再融资专项债券(八期)
235951,26天津23,2026-04-28,2026-04-28,16.0,16.0,100.0,100,2026-04-29,0,银行间债券市场,荷兰式招标发行,,2026-04-21,2026年天津市地方政府再融资专项债券(八期)
566386,天津2623,2026-04-28,2026-04-28,16.0,16.0,100.0,100,2026-04-29,0,深交所,荷兰式招标发行,,2026-04-21,2026年天津市地方政府再融资专项债券(八期)
235953,26天津25,2026-04-28,2026-04-28,86.9575,86.9575,100.0,100,2026-04-29,0,上交所,荷兰式招标发行,,2026-04-21,2026年天津市地方政府再融资专项债券(十期)
235953,26天津25,2026-04-28,2026-04-28,86.9575,86.9575,100.0,100,2026-04-29,0,银行间债券市场,荷兰式招标发行,,2026-04-21,2026年天津市地方政府再融资专项债券(十期)
566388,天津2625,2026-04-28,2026-04-28,86.9575,86.9575,100.0,100,2026-04-29,0,深交所,荷兰式招标发行,,2026-04-21,2026年天津市地方政府再融资专项债券(十期)
235954,26天津26,2026-04-28,2026-04-28,114.2925,114.2925,100.0,100,2026-04-29,0,上交所,荷兰式招标发行,,2026-04-21,2026年天津市地方政府再融资专项债券(十一期)
235954,26天津26,2026-04-28,2026-04-28,114.2925,114.2925,100.0,100,2026-04-29,0,银行间债券市场,荷兰式招标发行,,2026-04-21,2026年天津市地方政府再融资专项债券(十一期)
566389,天津2626,2026-04-28,2026-04-28,114.2925,114.2925,100.0,100,2026-04-29,0,深交所,荷兰式招标发行,,2026-04-21,2026年天津市地方政府再融资专项债券(十一期)
235955,26天津27,2026-04-28,2026-04-28,70.33,70.33,100.0,100,2026-04-29,0,上交所,荷兰式招标发行,,2026-04-21,2026年天津市地方政府再融资专项债券(十二期)
235955,26天津27,2026-04-28,2026-04-28,70.33,70.33,100.0,100,2026-04-29,0,银行间债券市场,荷兰式招标发行,,2026-04-21,2026年天津市地方政府再融资专项债券(十二期)
566390,天津2627,2026-04-28,2026-04-28,70.33,70.33,100.0,100,2026-04-29,0,深交所,荷兰式招标发行,,2026-04-21,2026年天津市地方政府再融资专项债券(十二期)
235952,26天津24,2026-04-28,2026-04-28,85.9,85.9,100.0,100,2026-04-29,0,上交所,荷兰式招标发行,,2026-04-21,2026年天津市地方政府再融资专项债券(九期)
235952,26天津24,2026-04-28,2026-04-28,85.9,85.9,100.0,100,2026-04-29,0,银行间债券市场,荷兰式招标发行,,2026-04-21,2026年天津市地方政府再融资专项债券(九期)
566387,天津2624,2026-04-28,2026-04-28,85.9,85.9,100.0,100,2026-04-29,0,深交所,荷兰式招标发行,,2026-04-21,2026年天津市地方政府再融资专项债券(九期)
236584,26上海11,2026-04-27,2026-04-27,86.55,86.55,100.68,100,2026-04-28,1,上交所,荷兰式招标发行,,2026-04-30,2026年上海市政府专项债券(七期)
2605404,26上海债11,2026-04-27,2026-04-27,86.55,86.55,100.68,100,2026-04-28,1,银行间债券市场,荷兰式招标发行,,2026-04-30,2026年上海市政府专项债券(七期)
566263,上海2611,2026-04-27,2026-04-27,86.55,86.55,100.68,100,2026-04-28,1,深交所,荷兰式招标发行,,2026-04-30,2026年上海市政府专项债券(七期)
236581,26上海08,2026-04-27,2026-04-27,67.84,67.84,100.49,100,2026-04-28,1,上交所,荷兰式招标发行,,2026-04-30,2026年上海市政府专项债券(四期)
2605401,26上海债08,2026-04-27,2026-04-27,67.84,67.84,100.49,100,2026-04-28,1,银行间债券市场,荷兰式招标发行,,2026-04-30,2026年上海市政府专项债券(四期)
566260,上海2608,2026-04-27,2026-04-27,67.84,67.84,100.49,100,2026-04-28,1,深交所,荷兰式招标发行,,2026-04-30,2026年上海市政府专项债券(四期)
236579,26上海06,2026-04-27,2026-04-27,109.12,109.12,100.25,100,2026-04-28,1,上交所,荷兰式招标发行,,2026-04-30,2026年上海市政府专项债券(二期)
2605399,26上海债06,2026-04-27,2026-04-27,109.12,109.12,100.25,100,2026-04-28,1,银行间债券市场,荷兰式招标发行,,2026-04-30,2026年上海市政府专项债券(二期)
566258,上海2606,2026-04-27,2026-04-27,109.12,109.12,100.25,100,2026-04-28,1,深交所,荷兰式招标发行,,2026-04-30,2026年上海市政府专项债券(二期)
236578,26上海05,2026-04-27,2026-04-27,40.0,40.0,100.2,100,2026-04-28,1,上交所,荷兰式招标发行,,2026-04-30,2026年上海市政府专项债券(一期)
2605398,26上海债05,2026-04-27,2026-04-27,40.0,40.0,100.2,100,2026-04-28,1,银行间债券市场,荷兰式招标发行,,2026-04-30,2026年上海市政府专项债券(一期)
566257,上海2605,2026-04-27,2026-04-27,40.0,40.0,100.2,100,2026-04-28,1,深交所,荷兰式招标发行,,2026-04-30,2026年上海市政府专项债券(一期)
236678,26北京22,2026-04-27,2026-04-27,4.96,4.96,100.0,100,2026-04-28,0,上交所,荷兰式招标发行,,2026-04-20,2026年北京市政府专项债券(八期)
2605469,26北京债22,2026-04-27,2026-04-27,4.96,4.96,100.0,100,2026-04-28,0,银行间债券市场,荷兰式招标发行,,2026-04-20,2026年北京市政府专项债券(八期)
566373,北京2622,2026-04-27,2026-04-27,4.96,4.96,100.0,100,2026-04-28,0,深交所,荷兰式招标发行,,2026-04-20,2026年北京市政府专项债券(八期)
236679,26北京23,2026-04-27,2026-04-27,5.29,5.29,100.0,100,2026-04-28,0,上交所,荷兰式招标发行,,2026-04-20,2026年北京市政府专项债券(九期)
2605470,26北京债23,2026-04-27,2026-04-27,5.29,5.29,100.0,100,2026-04-28,0,银行间债券市场,荷兰式招标发行,,2026-04-20,2026年北京市政府专项债券(九期)
566374,北京2623,2026-04-27,2026-04-27,5.29,5.29,100.0,100,2026-04-28,0,深交所,荷兰式招标发行,,2026-04-20,2026年北京市政府专项债券(九期)
236680,26北京24,2026-04-27,2026-04-27,48.2,48.2,100.0,100,2026-04-28,0,上交所,荷兰式招标发行,,2026-04-20,2026年北京市政府专项债券(十期)
2605471,26北京债24,2026-04-27,2026-04-27,48.2,48.2,100.0,100,2026-04-28,0,银行间债券市场,荷兰式招标发行,,2026-04-20,2026年北京市政府专项债券(十期)
566375,北京2624,2026-04-27,2026-04-27,48.2,48.2,100.0,100,2026-04-28,0,深交所,荷兰式招标发行,,2026-04-20,2026年北京市政府专项债券(十期)
236681,26北京25,2026-04-27,2026-04-27,80.61,80.61,100.0,100,2026-04-28,0,上交所,荷兰式招标发行,,2026-04-20,2026年北京市政府专项债券(十一期)
2605472,26北京债25,2026-04-27,2026-04-27,80.61,80.61,100.0,100,2026-04-28,0,银行间债券市场,荷兰式招标发行,,2026-04-20,2026年北京市政府专项债券(十一期)
566376,北京2625,2026-04-27,2026-04-27,80.61,80.61,100.0,100,2026-04-28,0,深交所,荷兰式招标发行,,2026-04-20,2026年北京市政府专项债券(十一期)
236682,26北京26,2026-04-27,2026-04-27,6.71,6.71,100.0,100,2026-04-28,0,上交所,荷兰式招标发行,,2026-04-20,2026年北京市政府专项债券(十二期)
2605473,26北京债26,2026-04-27,2026-04-27,6.71,6.71,100.0,100,2026-04-28,0,银行间债券市场,荷兰式招标发行,,2026-04-20,2026年北京市政府专项债券(十二期)
566377,北京2626,2026-04-27,2026-04-27,6.71,6.71,100.0,100,2026-04-28,0,深交所,荷兰式招标发行,,2026-04-20,2026年北京市政府专项债券(十二期)
236683,26北京27,2026-04-27,2026-04-27,8.15,8.15,100.0,100,2026-04-28,0,上交所,荷兰式招标发行,,2026-04-20,2026年北京市政府专项债券(十三期)
2605474,26北京债27,2026-04-27,2026-04-27,8.15,8.15,100.0,100,2026-04-28,0,银行间债券市场,荷兰式招标发行,,2026-04-20,2026年北京市政府专项债券(十三期)
566378,北京2627,2026-04-27,2026-04-27,8.15,8.15,100.0,100,2026-04-28,0,深交所,荷兰式招标发行,,2026-04-20,2026年北京市政府专项债券(十三期)
236684,26北京28,2026-04-27,2026-04-27,2.54,2.54,100.0,100,2026-04-28,0,上交所,荷兰式招标发行,,2026-04-20,2026年北京市政府专项债券(十四期)
2605475,26北京债28,2026-04-27,2026-04-27,2.54,2.54,100.0,100,2026-04-28,0,银行间债券市场,荷兰式招标发行,,2026-04-20,2026年北京市政府专项债券(十四期)
566379,北京2628,2026-04-27,2026-04-27,2.54,2.54,100.0,100,2026-04-28,0,深交所,荷兰式招标发行,,2026-04-20,2026年北京市政府专项债券(十四期)
236685,26北京29,2026-04-27,2026-04-27,3.85,3.85,100.0,100,2026-04-28,0,上交所,荷兰式招标发行,,2026-04-20,2026年北京市政府专项债券(十五期)
2605476,26北京债29,2026-04-27,2026-04-27,3.85,3.85,100.0,100,2026-04-28,0,银行间债券市场,荷兰式招标发行,,2026-04-20,2026年北京市政府专项债券(十五期)
566380,北京2629,2026-04-27,2026-04-27,3.85,3.85,100.0,100,2026-04-28,0,深交所,荷兰式招标发行,,2026-04-20,2026年北京市政府专项债券(十五期)
199616,26西藏债03,2026-04-27,2026-04-27,10.0,10.0,100.0,100,2026-04-28,0,银行间债券市场,荷兰式招标发行,,2026-04-20,2026年西藏自治区政府再融资一般债券(一期)
199616,西藏2603,2026-04-27,2026-04-27,10.0,10.0,100.0,100,2026-04-28,0,深交所,荷兰式招标发行,,2026-04-20,2026年西藏自治区政府再融资一般债券(一期)
236687,26西藏03,2026-04-27,2026-04-27,10.0,10.0,100.0,100,2026-04-28,0,上交所,荷兰式招标发行,,2026-04-20,2026年西藏自治区政府再融资一般债券(一期)
199615,西藏2602,2026-04-27,2026-04-27,32.645,32.645,100.0,100,2026-04-28,0,深交所,荷兰式招标发行,,2026-04-20,2026年西藏自治区政府再融资专项债券(二期)
199615,26西藏债02,2026-04-27,2026-04-27,32.645,32.645,100.0,100,2026-04-28,0,银行间债券市场,荷兰式招标发行,,2026-04-20,2026年西藏自治区政府再融资专项债券(二期)
236686,26西藏02,2026-04-27,2026-04-27,32.645,32.645,100.0,100,2026-04-28,0,上交所,荷兰式招标发行,,2026-04-20,2026年西藏自治区政府再融资专项债券(二期)
236672,26江西19,2026-04-24,2026-04-24,0.5,0.5,100.0,100,2026-04-27,0,上交所,荷兰式招标发行,,2026-04-17,2026年江西省政府棚户区改造专项债券(三期)-2026年江西省政府专项债券(十二期)
2605447,26江西债19,2026-04-24,2026-04-24,0.5,0.5,100.0,100,2026-04-27,0,银行间债券市场,荷兰式招标发行,,2026-04-17,2026年江西省政府棚户区改造专项债券(三期)-2026年江西省政府专项债券(十二期)
566369,江西2619,2026-04-24,2026-04-24,0.5,0.5,100.0,100,2026-04-27,0,深交所,荷兰式招标发行,,2026-04-17,2026年江西省政府棚户区改造专项债券(三期)-2026年江西省政府专项债券(十二期)
236673,26江西20,2026-04-24,2026-04-24,0.6814,0.6814,100.0,100,2026-04-27,0,上交所,荷兰式招标发行,,2026-04-17,2026年江西省高质量发展补短板专项债券(九期)-2026年江西省政府专项债券(十三期)
2605448,26江西债20,2026-04-24,2026-04-24,0.6814,0.6814,100.0,100,2026-04-27,0,银行间债券市场,荷兰式招标发行,,2026-04-17,2026年江西省高质量发展补短板专项债券(九期)-2026年江西省政府专项债券(十三期)
566370,江西2620,2026-04-24,2026-04-24,0.6814,0.6814,100.0,100,2026-04-27,0,深交所,荷兰式招标发行,,2026-04-17,2026年江西省高质量发展补短板专项债券(九期)-2026年江西省政府专项债券(十三期)
236674,26江西21,2026-04-24,2026-04-24,12.3685,12.3685,100.0,100,2026-04-27,0,上交所,荷兰式招标发行,,2026-04-17,2026年江西省高质量发展补短板专项债券(十期)-2026年江西省政府专项债券(十四期)
2605449,26江西债21,2026-04-24,2026-04-24,12.3685,12.3685,100.0,100,2026-04-27,0,银行间债券市场,荷兰式招标发行,,2026-04-17,2026年江西省高质量发展补短板专项债券(十期)-2026年江西省政府专项债券(十四期)
566371,江西2621,2026-04-24,2026-04-24,12.3685,12.3685,100.0,100,2026-04-27,0,深交所,荷兰式招标发行,,2026-04-17,2026年江西省高质量发展补短板专项债券(十期)-2026年江西省政府专项债券(十四期)
236675,26江西22,2026-04-24,2026-04-24,26.3831,26.3831,100.0,100,2026-04-27,0,上交所,荷兰式招标发行,,2026-04-17,2026年江西省高质量发展补短板专项债券(十一期)-2026年江西省政府专项债券(十五期)
2605450,26江西债22,2026-04-24,2026-04-24,26.3831,26.3831,100.0,100,2026-04-27,0,银行间债券市场,荷兰式招标发行,,2026-04-17,2026年江西省高质量发展补短板专项债券(十一期)-2026年江西省政府专项债券(十五期)
566372,江西2622,2026-04-24,2026-04-24,26.3831,26.3831,100.0,100,2026-04-27,0,深交所,荷兰式招标发行,,2026-04-17,2026年江西省高质量发展补短板专项债券(十一期)-2026年江西省政府专项债券(十五期)
236671,26江西18,2026-04-24,2026-04-24,41.7829,41.7829,100.0,100,2026-04-27,0,上交所,荷兰式招标发行,,2026-04-17,2026年江西省地方政府再融资专项债券(四期)
2605446,26江西债18,2026-04-24,2026-04-24,41.7829,41.7829,100.0,100,2026-04-27,0,银行间债券市场,荷兰式招标发行,,2026-04-17,2026年江西省地方政府再融资专项债券(四期)
566368,江西2618,2026-04-24,2026-04-24,41.7829,41.7829,100.0,100,2026-04-27,0,深交所,荷兰式招标发行,,2026-04-17,2026年江西省地方政府再融资专项债券(四期)
236676,26四川28,2026-04-24,2026-04-24,18.3252,18.3252,100.0,100,2026-04-27,0,上交所,荷兰式招标发行,,2026-04-17,2026年四川省政府再融资一般债券(三期)
2605467,26四川债28,2026-04-24,2026-04-24,18.3252,18.3252,100.0,100,2026-04-27,0,银行间债券市场,荷兰式招标发行,,2026-04-17,2026年四川省政府再融资一般债券(三期)
566366,四川2628,2026-04-24,2026-04-24,18.3252,18.3252,100.0,100,2026-04-27,0,深交所,荷兰式招标发行,,2026-04-17,2026年四川省政府再融资一般债券(三期)
236677,26四川29,2026-04-24,2026-04-24,119.6084,119.6084,100.0,100,2026-04-27,0,上交所,荷兰式招标发行,,2026-04-17,2026年四川省政府再融资专项债券(七期)
2605468,26四川债29,2026-04-24,2026-04-24,119.6084,119.6084,100.0,100,2026-04-27,0,银行间债券市场,荷兰式招标发行,,2026-04-17,2026年四川省政府再融资专项债券(七期)
566367,四川2629,2026-04-24,2026-04-24,119.6084,119.6084,100.0,100,2026-04-27,0,深交所,荷兰式招标发行,,2026-04-17,2026年四川省政府再融资专项债券(七期)
199617,江苏2617,2026-04-23,2026-04-23,123.42,123.42,100.0,100,2026-04-24,0,深交所,荷兰式招标发行,,2026-04-16,2026年江苏省地方政府再融资一般债券(三期)
199617,26江苏债17,2026-04-23,2026-04-23,123.42,123.42,100.0,100,2026-04-24,0,银行间债券市场,荷兰式招标发行,,2026-04-16,2026年江苏省地方政府再融资一般债券(三期)
236652,26江苏17,2026-04-23,2026-04-23,123.42,123.42,100.0,100,2026-04-24,0,上交所,荷兰式招标发行,,2026-04-16,2026年江苏省地方政府再融资一般债券(三期)
199620,江苏2620,2026-04-23,2026-04-23,220.41,220.41,100.0,100,2026-04-24,0,深交所,荷兰式招标发行,,2026-04-16,2026年江苏省地方政府再融资专项债券(七期)
199620,26江苏债20,2026-04-23,2026-04-23,220.41,220.41,100.0,100,2026-04-24,0,银行间债券市场,荷兰式招标发行,,2026-04-16,2026年江苏省地方政府再融资专项债券(七期)
236655,26江苏20,2026-04-23,2026-04-23,220.41,220.41,100.0,100,2026-04-24,0,上交所,荷兰式招标发行,,2026-04-16,2026年江苏省地方政府再融资专项债券(七期)
199619,江苏2619,2026-04-23,2026-04-23,95.36,95.36,100.0,100,2026-04-24,0,深交所,荷兰式招标发行,,2026-04-16,2026年江苏省地方政府再融资专项债券(六期)
199619,26江苏债19,2026-04-23,2026-04-23,95.36,95.36,100.0,100,2026-04-24,0,银行间债券市场,荷兰式招标发行,,2026-04-16,2026年江苏省地方政府再融资专项债券(六期)
236654,26江苏19,2026-04-23,2026-04-23,95.36,95.36,100.0,100,2026-04-24,0,上交所,荷兰式招标发行,,2026-04-16,2026年江苏省地方政府再融资专项债券(六期)
199618,江苏2618,2026-04-23,2026-04-23,290.7,290.7,100.0,100,2026-04-24,0,深交所,荷兰式招标发行,,2026-04-16,2026年江苏省地方政府再融资一般债券(四期)
199618,26江苏债18,2026-04-23,2026-04-23,290.7,290.7,100.0,100,2026-04-24,0,银行间债券市场,荷兰式招标发行,,2026-04-16,2026年江苏省地方政府再融资一般债券(四期)
236653,26江苏18,2026-04-23,2026-04-23,290.7,290.7,100.0,100,2026-04-24,0,上交所,荷兰式招标发行,,2026-04-16,2026年江苏省地方政府再融资一般债券(四期)
236651,26山西20,2026-04-23,2026-04-23,180.6,180.6,100.0,100,2026-04-24,0,上交所,荷兰式招标发行,,2026-04-16,2026年山西省政府再融资一般债券(二期)
2605457,26山西债20,2026-04-23,2026-04-23,180.6,180.6,100.0,100,2026-04-24,0,银行间债券市场,荷兰式招标发行,,2026-04-16,2026年山西省政府再融资一般债券(二期)
566350,山西2620,2026-04-23,2026-04-23,180.6,180.6,100.0,100,2026-04-24,0,深交所,荷兰式招标发行,,2026-04-16,2026年山西省政府再融资一般债券(二期)
236650,26山西19,2026-04-23,2026-04-23,4.3,4.3,100.0,100,2026-04-24,0,上交所,荷兰式招标发行,,2026-04-16,2026年山西省政府专项债券(十二期)
2605456,26山西债19,2026-04-23,2026-04-23,4.3,4.3,100.0,100,2026-04-24,0,银行间债券市场,荷兰式招标发行,,2026-04-16,2026年山西省政府专项债券(十二期)
566349,山西2619,2026-04-23,2026-04-23,4.3,4.3,100.0,100,2026-04-24,0,深交所,荷兰式招标发行,,2026-04-16,2026年山西省政府专项债券(十二期)
236649,26山西18,2026-04-23,2026-04-23,10.2,10.2,100.0,100,2026-04-24,0,上交所,荷兰式招标发行,,2026-04-16,2026年山西省政府专项债券(十一期)
2605455,26山西债18,2026-04-23,2026-04-23,10.2,10.2,100.0,100,2026-04-24,0,银行间债券市场,荷兰式招标发行,,2026-04-16,2026年山西省政府专项债券(十一期)
566348,山西2618,2026-04-23,2026-04-23,10.2,10.2,100.0,100,2026-04-24,0,深交所,荷兰式招标发行,,2026-04-16,2026年山西省政府专项债券(十一期)
236648,26山西17,2026-04-23,2026-04-23,1.0,1.0,100.0,100,2026-04-24,0,上交所,荷兰式招标发行,,2026-04-16,2026年山西省政府专项债券(十期)
2605454,26山西债17,2026-04-23,2026-04-23,1.0,1.0,100.0,100,2026-04-24,0,银行间债券市场,荷兰式招标发行,,2026-04-16,2026年山西省政府专项债券(十期)
566347,山西2617,2026-04-23,2026-04-23,1.0,1.0,100.0,100,2026-04-24,0,深交所,荷兰式招标发行,,2026-04-16,2026年山西省政府专项债券(十期)
236647,26山西16,2026-04-23,2026-04-23,0.5,0.5,100.0,100,2026-04-24,0,上交所,荷兰式招标发行,,2026-04-16,2026年山西省政府专项债券(九期)
2605453,26山西债16,2026-04-23,2026-04-23,0.5,0.5,100.0,100,2026-04-24,0,银行间债券市场,荷兰式招标发行,,2026-04-16,2026年山西省政府专项债券(九期)
566346,山西2616,2026-04-23,2026-04-23,0.5,0.5,100.0,100,2026-04-24,0,深交所,荷兰式招标发行,,2026-04-16,2026年山西省政府专项债券(九期)
236646,26山西15,2026-04-23,2026-04-23,2.2,2.2,100.0,100,2026-04-24,0,上交所,荷兰式招标发行,,2026-04-16,2026年山西省政府棚户区改造专项债券(一期)-2026年山西省政府专项债券(八期)
2605452,26山西债15,2026-04-23,2026-04-23,2.2,2.2,100.0,100,2026-04-24,0,银行间债券市场,荷兰式招标发行,,2026-04-16,2026年山西省政府棚户区改造专项债券(一期)-2026年山西省政府专项债券(八期)
566345,山西2615,2026-04-23,2026-04-23,2.2,2.2,100.0,100,2026-04-24,0,深交所,荷兰式招标发行,,2026-04-16,2026年山西省政府棚户区改造专项债券(一期)-2026年山西省政府专项债券(八期)
236645,26山西14,2026-04-23,2026-04-23,25.2,25.2,100.0,100,2026-04-24,0,上交所,荷兰式招标发行,,2026-04-16,2026年山西省政府一般债券(三期)
2605451,26山西债14,2026-04-23,2026-04-23,25.2,25.2,100.0,100,2026-04-24,0,银行间债券市场,荷兰式招标发行,,2026-04-16,2026年山西省政府一般债券(三期)
566344,山西2614,2026-04-23,2026-04-23,25.2,25.2,100.0,100,2026-04-24,0,深交所,荷兰式招标发行,,2026-04-16,2026年山西省政府一般债券(三期)
236670,26甘肃22,2026-04-23,2026-04-23,41.52,41.52,100.0,100,2026-04-24,0,上交所,荷兰式招标发行,,2026-04-16,2026年甘肃省政府再融资专项债券(五期)
2605466,26甘肃债22,2026-04-23,2026-04-23,41.52,41.52,100.0,100,2026-04-24,0,银行间债券市场,荷兰式招标发行,,2026-04-16,2026年甘肃省政府再融资专项债券(五期)
566365,甘肃2622,2026-04-23,2026-04-23,41.52,41.52,100.0,100,2026-04-24,0,深交所,荷兰式招标发行,,2026-04-16,2026年甘肃省政府再融资专项债券(五期)
236669,26甘肃21,2026-04-23,2026-04-23,35.4759,35.4759,100.0,100,2026-04-24,0,上交所,荷兰式招标发行,,2026-04-16,2026年甘肃省政府再融资专项债券(四期)
2605465,26甘肃债21,2026-04-23,2026-04-23,35.4759,35.4759,100.0,100,2026-04-24,0,银行间债券市场,荷兰式招标发行,,2026-04-16,2026年甘肃省政府再融资专项债券(四期)
566364,甘肃2621,2026-04-23,2026-04-23,35.4759,35.4759,100.0,100,2026-04-24,0,深交所,荷兰式招标发行,,2026-04-16,2026年甘肃省政府再融资专项债券(四期)
236668,26甘肃20,2026-04-23,2026-04-23,61.261,61.261,100.0,100,2026-04-24,0,上交所,荷兰式招标发行,,2026-04-16,2026年甘肃省政府再融资一般债券(二期)
2605464,26甘肃债20,2026-04-23,2026-04-23,61.261,61.261,100.0,100,2026-04-24,0,银行间债券市场,荷兰式招标发行,,2026-04-16,2026年甘肃省政府再融资一般债券(二期)
566363,甘肃2620,2026-04-23,2026-04-23,61.261,61.261,100.0,100,2026-04-24,0,深交所,荷兰式招标发行,,2026-04-16,2026年甘肃省政府再融资一般债券(二期)
236667,26甘肃19,2026-04-23,2026-04-23,6.9688,6.9688,100.0,100,2026-04-24,0,上交所,荷兰式招标发行,,2026-04-16,2026年甘肃省政府专项债券(十四期)
2605463,26甘肃债19,2026-04-23,2026-04-23,6.9688,6.9688,100.0,100,2026-04-24,0,银行间债券市场,荷兰式招标发行,,2026-04-16,2026年甘肃省政府专项债券(十四期)
566362,甘肃2619,2026-04-23,2026-04-23,6.9688,6.9688,100.0,100,2026-04-24,0,深交所,荷兰式招标发行,,2026-04-16,2026年甘肃省政府专项债券(十四期)
236666,26甘肃18,2026-04-23,2026-04-23,6.0,6.0,100.0,100,2026-04-24,0,上交所,荷兰式招标发行,,2026-04-16,2026年甘肃省政府收费公路专项债券(二期)-2026年甘肃省政府专项债券(十三期)
2605462,26甘肃债18,2026-04-23,2026-04-23,6.0,6.0,100.0,100,2026-04-24,0,银行间债券市场,荷兰式招标发行,,2026-04-16,2026年甘肃省政府收费公路专项债券(二期)-2026年甘肃省政府专项债券(十三期)
566361,甘肃2618,2026-04-23,2026-04-23,6.0,6.0,100.0,100,2026-04-24,0,深交所,荷兰式招标发行,,2026-04-16,2026年甘肃省政府收费公路专项债券(二期)-2026年甘肃省政府专项债券(十三期)
236665,26甘肃17,2026-04-23,2026-04-23,1.3,1.3,100.0,100,2026-04-24,0,上交所,荷兰式招标发行,,2026-04-16,2026年甘肃省政府专项债券(十二期)
2605461,26甘肃债17,2026-04-23,2026-04-23,1.3,1.3,100.0,100,2026-04-24,0,银行间债券市场,荷兰式招标发行,,2026-04-16,2026年甘肃省政府专项债券(十二期)
566360,甘肃2617,2026-04-23,2026-04-23,1.3,1.3,100.0,100,2026-04-24,0,深交所,荷兰式招标发行,,2026-04-16,2026年甘肃省政府专项债券(十二期)
236664,26甘肃16,2026-04-23,2026-04-23,10.32,10.32,100.0,100,2026-04-24,0,上交所,荷兰式招标发行,,2026-04-16,2026年甘肃省政府专项债券(十一期)
2605460,26甘肃债16,2026-04-23,2026-04-23,10.32,10.32,100.0,100,2026-04-24,0,银行间债券市场,荷兰式招标发行,,2026-04-16,2026年甘肃省政府专项债券(十一期)
566359,甘肃2616,2026-04-23,2026-04-23,10.32,10.32,100.0,100,2026-04-24,0,深交所,荷兰式招标发行,,2026-04-16,2026年甘肃省政府专项债券(十一期)
236663,26甘肃15,2026-04-23,2026-04-23,8.92,8.92,100.0,100,2026-04-24,0,上交所,荷兰式招标发行,,2026-04-16,2026年甘肃省政府专项债券(十期)
2605459,26甘肃债15,2026-04-23,2026-04-23,8.92,8.92,100.0,100,2026-04-24,0,银行间债券市场,荷兰式招标发行,,2026-04-16,2026年甘肃省政府专项债券(十期)
566358,甘肃2615,2026-04-23,2026-04-23,8.92,8.92,100.0,100,2026-04-24,0,深交所,荷兰式招标发行,,2026-04-16,2026年甘肃省政府专项债券(十期)
236662,26甘肃14,2026-04-23,2026-04-23,3.25,3.25,100.0,100,2026-04-24,0,上交所,荷兰式招标发行,,2026-04-16,2026年甘肃省政府棚户区改造专项债券(二期)-2026年甘肃省政府专项债券(九期)
2605458,26甘肃债14,2026-04-23,2026-04-23,3.25,3.25,100.0,100,2026-04-24,0,银行间债券市场,荷兰式招标发行,,2026-04-16,2026年甘肃省政府棚户区改造专项债券(二期)-2026年甘肃省政府专项债券(九期)
566357,甘肃2614,2026-04-23,2026-04-23,3.25,3.25,100.0,100,2026-04-24,0,深交所,荷兰式招标发行,,2026-04-16,2026年甘肃省政府棚户区改造专项债券(二期)-2026年甘肃省政府专项债券(九期)
236657,26新疆11,2026-04-23,2026-04-23,49.87,49.87,100.0,100,2026-04-24,0,上交所,荷兰式招标发行,,2026-04-16,2026年新疆维吾尔自治区政府再融资一般债券(二期)-2026年新疆维吾尔自治区政府一般债券(四期)
2605430,26新疆债11,2026-04-23,2026-04-23,49.87,49.87,100.0,100,2026-04-24,0,银行间债券市场,荷兰式招标发行,,2026-04-16,2026年新疆维吾尔自治区政府再融资一般债券(二期)-2026年新疆维吾尔自治区政府一般债券(四期)
566352,新疆2611,2026-04-23,2026-04-23,49.87,49.87,100.0,100,2026-04-24,0,深交所,荷兰式招标发行,,2026-04-16,2026年新疆维吾尔自治区政府再融资一般债券(二期)-2026年新疆维吾尔自治区政府一般债券(四期)
236661,26新疆15,2026-04-23,2026-04-23,11.93,11.93,100.0,100,2026-04-24,0,上交所,荷兰式招标发行,,2026-04-16,2026年新疆维吾尔自治区政府再融资专项债券(五期)-2026年新疆维吾尔自治区政府专项债券(十一期)
2605434,26新疆债15,2026-04-23,2026-04-23,11.93,11.93,100.0,100,2026-04-24,0,银行间债券市场,荷兰式招标发行,,2026-04-16,2026年新疆维吾尔自治区政府再融资专项债券(五期)-2026年新疆维吾尔自治区政府专项债券(十一期)
566356,新疆2615,2026-04-23,2026-04-23,11.93,11.93,100.0,100,2026-04-24,0,深交所,荷兰式招标发行,,2026-04-16,2026年新疆维吾尔自治区政府再融资专项债券(五期)-2026年新疆维吾尔自治区政府专项债券(十一期)
236658,26新疆12,2026-04-23,2026-04-23,8.43,8.43,100.0,100,2026-04-24,0,上交所,荷兰式招标发行,,2026-04-16,2026年新疆维吾尔自治区政府专项债券(八期)
2605431,26新疆债12,2026-04-23,2026-04-23,8.43,8.43,100.0,100,2026-04-24,0,银行间债券市场,荷兰式招标发行,,2026-04-16,2026年新疆维吾尔自治区政府专项债券(八期)
566353,新疆2612,2026-04-23,2026-04-23,8.43,8.43,100.0,100,2026-04-24,0,深交所,荷兰式招标发行,,2026-04-16,2026年新疆维吾尔自治区政府专项债券(八期)
236656,26新疆10,2026-04-23,2026-04-23,36.63,36.63,100.0,100,2026-04-24,0,上交所,荷兰式招标发行,,2026-04-16,2026年新疆维吾尔自治区政府一般债券(三期)
2605429,26新疆债10,2026-04-23,2026-04-23,36.63,36.63,100.0,100,2026-04-24,0,银行间债券市场,荷兰式招标发行,,2026-04-16,2026年新疆维吾尔自治区政府一般债券(三期)
566351,新疆2610,2026-04-23,2026-04-23,36.63,36.63,100.0,100,2026-04-24,0,深交所,荷兰式招标发行,,2026-04-16,2026年新疆维吾尔自治区政府一般债券(三期)
236659,26新疆13,2026-04-23,2026-04-23,7.51,7.51,100.0,100,2026-04-24,0,上交所,荷兰式招标发行,,2026-04-16,2026年新疆维吾尔自治区政府专项债券(九期)
2605432,26新疆债13,2026-04-23,2026-04-23,7.51,7.51,100.0,100,2026-04-24,0,银行间债券市场,荷兰式招标发行,,2026-04-16,2026年新疆维吾尔自治区政府专项债券(九期)
566354,新疆2613,2026-04-23,2026-04-23,7.51,7.51,100.0,100,2026-04-24,0,深交所,荷兰式招标发行,,2026-04-16,2026年新疆维吾尔自治区政府专项债券(九期)
236660,26新疆14,2026-04-23,2026-04-23,4.84,4.84,100.0,100,2026-04-24,0,上交所,荷兰式招标发行,,2026-04-16,2026年新疆维吾尔自治区政府专项债券(十期)
2605433,26新疆债14,2026-04-23,2026-04-23,4.84,4.84,100.0,100,2026-04-24,0,银行间债券市场,荷兰式招标发行,,2026-04-16,2026年新疆维吾尔自治区政府专项债券(十期)
566355,新疆2614,2026-04-23,2026-04-23,4.84,4.84,100.0,100,2026-04-24,0,深交所,荷兰式招标发行,,2026-04-16,2026年新疆维吾尔自治区政府专项债券(十期)
199603,福建2609,2026-04-22,2026-04-22,62.7995,62.7995,100.0,100,2026-04-23,0,深交所,荷兰式招标发行,,2026-04-14,2026年福建省政府专项债券(四期)
199603,26福建债09,2026-04-22,2026-04-22,62.7995,62.7995,100.0,100,2026-04-23,0,银行间债券市场,荷兰式招标发行,,2026-04-14,2026年福建省政府专项债券(四期)
236637,26福建09,2026-04-22,2026-04-22,62.7995,62.7995,100.0,100,2026-04-23,0,上交所,荷兰式招标发行,,2026-04-14,2026年福建省政府专项债券(四期)
236642,26广西16,2026-04-22,2026-04-22,7.38,7.38,100.0,100,2026-04-23,0,上交所,荷兰式招标发行,,2026-04-15,2026年广西壮族自治区政府棚户区改造专项债券(一期)-2026年广西壮族自治区政府专项债券(十期)
2605443,26广西债16,2026-04-22,2026-04-22,7.38,7.38,100.0,100,2026-04-23,0,银行间债券市场,荷兰式招标发行,,2026-04-15,2026年广西壮族自治区政府棚户区改造专项债券(一期)-2026年广西壮族自治区政府专项债券(十期)
566341,广西2616,2026-04-22,2026-04-22,7.38,7.38,100.0,100,2026-04-23,0,深交所,荷兰式招标发行,,2026-04-15,2026年广西壮族自治区政府棚户区改造专项债券(一期)-2026年广西壮族自治区政府专项债券(十期)
236639,26广西13,2026-04-22,2026-04-22,58.33,58.33,100.0,100,2026-04-23,0,上交所,荷兰式招标发行,,2026-04-15,2026年广西壮族自治区政府社会领域专项债券(二期)-2026年广西壮族自治区政府专项债券(七期)
2605440,26广西债13,2026-04-22,2026-04-22,58.33,58.33,100.0,100,2026-04-23,0,银行间债券市场,荷兰式招标发行,,2026-04-15,2026年广西壮族自治区政府社会领域专项债券(二期)-2026年广西壮族自治区政府专项债券(七期)
566338,广西2613,2026-04-22,2026-04-22,58.33,58.33,100.0,100,2026-04-23,0,深交所,荷兰式招标发行,,2026-04-15,2026年广西壮族自治区政府社会领域专项债券(二期)-2026年广西壮族自治区政府专项债券(七期)
236641,26广西15,2026-04-22,2026-04-22,20.75,20.75,100.0,100,2026-04-23,0,上交所,荷兰式招标发行,,2026-04-15,2026年广西壮族自治区政府收费公路专项债券(一期)-2026年广西壮族自治区政府专项债券(九期)
2605442,26广西债15,2026-04-22,2026-04-22,20.75,20.75,100.0,100,2026-04-23,0,银行间债券市场,荷兰式招标发行,,2026-04-15,2026年广西壮族自治区政府收费公路专项债券(一期)-2026年广西壮族自治区政府专项债券(九期)
566340,广西2615,2026-04-22,2026-04-22,20.75,20.75,100.0,100,2026-04-23,0,深交所,荷兰式招标发行,,2026-04-15,2026年广西壮族自治区政府收费公路专项债券(一期)-2026年广西壮族自治区政府专项债券(九期)
236643,26广西17,2026-04-22,2026-04-22,38.21,38.21,100.0,100,2026-04-23,0,上交所,荷兰式招标发行,,2026-04-15,2026年广西壮族自治区政府产业园区专项债券(一期)-2026年广西壮族自治区政府专项债券(十一期)
2605444,26广西债17,2026-04-22,2026-04-22,38.21,38.21,100.0,100,2026-04-23,0,银行间债券市场,荷兰式招标发行,,2026-04-15,2026年广西壮族自治区政府产业园区专项债券(一期)-2026年广西壮族自治区政府专项债券(十一期)
566342,广西2617,2026-04-22,2026-04-22,38.21,38.21,100.0,100,2026-04-23,0,深交所,荷兰式招标发行,,2026-04-15,2026年广西壮族自治区政府产业园区专项债券(一期)-2026年广西壮族自治区政府专项债券(十一期)
236640,26广西14,2026-04-22,2026-04-22,25.33,25.33,100.0,100,2026-04-23,0,上交所,荷兰式招标发行,,2026-04-15,2026年广西壮族自治区政府交通基础设施专项债券(二期)-2026年广西壮族自治区政府专项债券(八期)
2605441,26广西债14,2026-04-22,2026-04-22,25.33,25.33,100.0,100,2026-04-23,0,银行间债券市场,荷兰式招标发行,,2026-04-15,2026年广西壮族自治区政府交通基础设施专项债券(二期)-2026年广西壮族自治区政府专项债券(八期)
566339,广西2614,2026-04-22,2026-04-22,25.33,25.33,100.0,100,2026-04-23,0,深交所,荷兰式招标发行,,2026-04-15,2026年广西壮族自治区政府交通基础设施专项债券(二期)-2026年广西壮族自治区政府专项债券(八期)
235942,26内蒙06,2026-04-22,2026-04-22,71.7108,71.7108,100.0,100,2026-04-23,0,上交所,荷兰式招标发行,,2026-04-15,2026年内蒙古自治区政府再融资专项债券(四期)
235942,26内蒙古06,2026-04-22,2026-04-22,71.7108,71.7108,100.0,100,2026-04-23,0,银行间债券市场,荷兰式招标发行,,2026-04-15,2026年内蒙古自治区政府再融资专项债券(四期)
566336,内蒙古2606,2026-04-22,2026-04-22,71.7108,71.7108,100.0,100,2026-04-23,0,深交所,荷兰式招标发行,,2026-04-15,2026年内蒙古自治区政府再融资专项债券(四期)
235941,26内蒙古05,2026-04-22,2026-04-22,45.5349,45.5349,100.0,100,2026-04-23,0,银行间债券市场,荷兰式招标发行,,2026-04-15,2026年内蒙古自治区政府再融资一般债券(二期)
235941,26内蒙05,2026-04-22,2026-04-22,45.5349,45.5349,100.0,100,2026-04-23,0,上交所,荷兰式招标发行,,2026-04-15,2026年内蒙古自治区政府再融资一般债券(二期)
566335,内蒙古2605,2026-04-22,2026-04-22,45.5349,45.5349,100.0,100,2026-04-23,0,深交所,荷兰式招标发行,,2026-04-15,2026年内蒙古自治区政府再融资一般债券(二期)
236638,26广西12,2026-04-22,2026-04-22,107.21,107.21,100.0,100,2026-04-23,0,上交所,荷兰式招标发行,,2026-04-15,2026年广西壮族自治区政府一般债券(六期)
2605439,26广西债12,2026-04-22,2026-04-22,107.21,107.21,100.0,100,2026-04-23,0,银行间债券市场,荷兰式招标发行,,2026-04-15,2026年广西壮族自治区政府一般债券(六期)
566337,广西2612,2026-04-22,2026-04-22,107.21,107.21,100.0,100,2026-04-23,0,深交所,荷兰式招标发行,,2026-04-15,2026年广西壮族自治区政府一般债券(六期)
236644,26广西18,2026-04-22,2026-04-22,150.0,150.0,100.0,100,2026-04-23,0,上交所,荷兰式招标发行,,2026-04-15,2026年广西壮族自治区政府再融资专项债券(四期)-2026年广西壮族自治区政府专项债券(十二期)
2605445,26广西债18,2026-04-22,2026-04-22,150.0,150.0,100.0,100,2026-04-23,0,银行间债券市场,荷兰式招标发行,,2026-04-15,2026年广西壮族自治区政府再融资专项债券(四期)-2026年广西壮族自治区政府专项债券(十二期)
566343,广西2618,2026-04-22,2026-04-22,150.0,150.0,100.0,100,2026-04-23,0,深交所,荷兰式招标发行,,2026-04-15,2026年广西壮族自治区政府再融资专项债券(四期)-2026年广西壮族自治区政府专项债券(十二期)
235945,26云南13,2026-04-21,2026-04-21,76.9,76.9,100.0,100,2026-04-22,0,上交所,荷兰式招标发行,,2026-04-14,2026年云南省地方政府再融资一般债券(三期)
235945,26云南13,2026-04-21,2026-04-21,76.9,76.9,100.0,100,2026-04-22,0,银行间债券市场,荷兰式招标发行,,2026-04-14,2026年云南省地方政府再融资一般债券(三期)
566332,云南2613,2026-04-21,2026-04-21,76.9,76.9,100.0,100,2026-04-22,0,深交所,荷兰式招标发行,,2026-04-14,2026年云南省地方政府再融资一般债券(三期)
235943,26云南11,2026-04-21,2026-04-21,76.0,76.0,100.0,100,2026-04-22,0,上交所,荷兰式招标发行,,2026-04-14,2026年云南省政府一般债券(一期)
235943,26云南11,2026-04-21,2026-04-21,76.0,76.0,100.0,100,2026-04-22,0,银行间债券市场,荷兰式招标发行,,2026-04-14,2026年云南省政府一般债券(一期)
566330,云南2611,2026-04-21,2026-04-21,76.0,76.0,100.0,100,2026-04-22,0,深交所,荷兰式招标发行,,2026-04-14,2026年云南省政府一般债券(一期)
235944,26云南12,2026-04-21,2026-04-21,50.3528,50.3528,100.0,100,2026-04-22,0,上交所,荷兰式招标发行,,2026-04-14,2026年云南省政府一般债券(二期)
235944,26云南12,2026-04-21,2026-04-21,50.3528,50.3528,100.0,100,2026-04-22,0,银行间债券市场,荷兰式招标发行,,2026-04-14,2026年云南省政府一般债券(二期)
566331,云南2612,2026-04-21,2026-04-21,50.3528,50.3528,100.0,100,2026-04-22,0,深交所,荷兰式招标发行,,2026-04-14,2026年云南省政府一般债券(二期)
236635,26湖南16,2026-04-21,2026-04-21,31.78,31.78,100.0,100,2026-04-22,0,上交所,荷兰式招标发行,,2026-04-14,2026年湖南省地方政府再融资一般债券(四期)
2605437,26湖南债16,2026-04-21,2026-04-21,31.78,31.78,100.0,100,2026-04-22,0,银行间债券市场,荷兰式招标发行,,2026-04-14,2026年湖南省地方政府再融资一般债券(四期)
566333,湖南2616,2026-04-21,2026-04-21,31.78,31.78,100.0,100,2026-04-22,0,深交所,荷兰式招标发行,,2026-04-14,2026年湖南省地方政府再融资一般债券(四期)
236636,26湖南17,2026-04-21,2026-04-21,35.79,35.79,100.0,100,2026-04-22,0,上交所,荷兰式招标发行,,2026-04-14,2026年湖南省地方政府再融资专项债券(三期)
2605438,26湖南债17,2026-04-21,2026-04-21,35.79,35.79,100.0,100,2026-04-22,0,银行间债券市场,荷兰式招标发行,,2026-04-14,2026年湖南省地方政府再融资专项债券(三期)
566334,湖南2617,2026-04-21,2026-04-21,35.79,35.79,100.0,100,2026-04-22,0,深交所,荷兰式招标发行,,2026-04-14,2026年湖南省地方政府再融资专项债券(三期)
236633,26河北23,2026-04-20,2026-04-20,88.2,88.2,100.0,100,2026-04-21,0,上交所,荷兰式招标发行,,2026-04-13,2026年河北省政府再融资一般债券(五期)-2026年河北省政府一般债券(六期)
566328,河北2623,2026-04-20,2026-04-20,88.2,88.2,100.0,100,2026-04-21,0,深交所,荷兰式招标发行,,2026-04-13,2026年河北省政府再融资一般债券(五期)-2026年河北省政府一般债券(六期)
809336,26河北23,2026-04-20,2026-04-20,88.2,88.2,100.0,100,2026-04-21,0,银行间债券市场,荷兰式招标发行,,2026-04-13,2026年河北省政府再融资一般债券(五期)-2026年河北省政府一般债券(六期)
809336,26河北23,2026-04-20,2026-04-20,88.2,88.2,100.0,100,2026-04-21,0,北交所,荷兰式招标发行,,2026-04-13,2026年河北省政府再融资一般债券(五期)-2026年河北省政府一般债券(六期)
236634,26河北24,2026-04-20,2026-04-20,2.78,2.78,100.0,100,2026-04-21,0,上交所,荷兰式招标发行,,2026-04-13,2026年河北省政府再融资专项债券(六期)-2026年河北省政府专项债券(十八期)
566329,河北2624,2026-04-20,2026-04-20,2.78,2.78,100.0,100,2026-04-21,0,深交所,荷兰式招标发行,,2026-04-13,2026年河北省政府再融资专项债券(六期)-2026年河北省政府专项债券(十八期)
809337,26河北24,2026-04-20,2026-04-20,2.78,2.78,100.0,100,2026-04-21,0,银行间债券市场,荷兰式招标发行,,2026-04-13,2026年河北省政府再融资专项债券(六期)-2026年河北省政府专项债券(十八期)
809337,26河北24,2026-04-20,2026-04-20,2.78,2.78,100.0,100,2026-04-21,0,北交所,荷兰式招标发行,,2026-04-13,2026年河北省政府再融资专项债券(六期)-2026年河北省政府专项债券(十八期)
235937,26湖北31,2026-04-17,2026-04-17,3.9,3.9,100.0,100,2026-04-20,0,上交所,荷兰式招标发行,,2026-04-10,2026年湖北省(武汉市、仙桃市)棚改专项债券(四期)-2026年湖北省政府专项债券(二十期)
235937,26湖北31,2026-04-17,2026-04-17,3.9,3.9,100.0,100,2026-04-20,0,银行间债券市场,荷兰式招标发行,,2026-04-10,2026年湖北省(武汉市、仙桃市)棚改专项债券(四期)-2026年湖北省政府专项债券(二十期)
566324,湖北2631,2026-04-17,2026-04-17,3.9,3.9,100.0,100,2026-04-20,0,深交所,荷兰式招标发行,,2026-04-10,2026年湖北省(武汉市、仙桃市)棚改专项债券(四期)-2026年湖北省政府专项债券(二十期)
235938,26湖北32,2026-04-17,2026-04-17,3.5,3.5,100.0,100,2026-04-20,0,上交所,荷兰式招标发行,,2026-04-10,2026年湖北省(武汉市、宜昌市、鄂州市)棚改专项债券(五期)-2026年湖北省政府专项债券(二十一期)
235938,26湖北32,2026-04-17,2026-04-17,3.5,3.5,100.0,100,2026-04-20,0,银行间债券市场,荷兰式招标发行,,2026-04-10,2026年湖北省(武汉市、宜昌市、鄂州市)棚改专项债券(五期)-2026年湖北省政府专项债券(二十一期)
566325,湖北2632,2026-04-17,2026-04-17,3.5,3.5,100.0,100,2026-04-20,0,深交所,荷兰式招标发行,,2026-04-10,2026年湖北省(武汉市、宜昌市、鄂州市)棚改专项债券(五期)-2026年湖北省政府专项债券(二十一期)
235933,26湖北27,2026-04-17,2026-04-17,6.97,6.97,100.0,100,2026-04-20,0,银行间债券市场,荷兰式招标发行,,2026-04-10,2026年湖北省政府专项债券(十六期)
235933,26湖北27,2026-04-17,2026-04-17,6.97,6.97,100.0,100,2026-04-20,0,上交所,荷兰式招标发行,,2026-04-10,2026年湖北省政府专项债券(十六期)
566320,湖北2627,2026-04-17,2026-04-17,6.97,6.97,100.0,100,2026-04-20,0,深交所,荷兰式招标发行,,2026-04-10,2026年湖北省政府专项债券(十六期)
235934,26湖北28,2026-04-17,2026-04-17,8.6,8.6,100.0,100,2026-04-20,0,上交所,荷兰式招标发行,,2026-04-10,2026年湖北省政府专项债券(十七期)
235934,26湖北28,2026-04-17,2026-04-17,8.6,8.6,100.0,100,2026-04-20,0,银行间债券市场,荷兰式招标发行,,2026-04-10,2026年湖北省政府专项债券(十七期)
566321,湖北2628,2026-04-17,2026-04-17,8.6,8.6,100.0,100,2026-04-20,0,深交所,荷兰式招标发行,,2026-04-10,2026年湖北省政府专项债券(十七期)
235935,26湖北29,2026-04-17,2026-04-17,14.26,14.26,100.0,100,2026-04-20,0,银行间债券市场,荷兰式招标发行,,2026-04-10,2026年湖北省政府专项债券(十八期)
235935,26湖北29,2026-04-17,2026-04-17,14.26,14.26,100.0,100,2026-04-20,0,上交所,荷兰式招标发行,,2026-04-10,2026年湖北省政府专项债券(十八期)
566322,湖北2629,2026-04-17,2026-04-17,14.26,14.26,100.0,100,2026-04-20,0,深交所,荷兰式招标发行,,2026-04-10,2026年湖北省政府专项债券(十八期)
235936,26湖北30,2026-04-17,2026-04-17,26.82,26.82,100.0,100,2026-04-20,0,上交所,荷兰式招标发行,,2026-04-10,2026年湖北省政府专项债券(十九期)
235936,26湖北30,2026-04-17,2026-04-17,26.82,26.82,100.0,100,2026-04-20,0,银行间债券市场,荷兰式招标发行,,2026-04-10,2026年湖北省政府专项债券(十九期)
566323,湖北2630,2026-04-17,2026-04-17,26.82,26.82,100.0,100,2026-04-20,0,深交所,荷兰式招标发行,,2026-04-10,2026年湖北省政府专项债券(十九期)
235939,26湖北33,2026-04-17,2026-04-17,12.5,12.5,100.0,100,2026-04-20,0,上交所,荷兰式招标发行,,2026-04-10,2026年湖北省政府再融资专项债券(七期)
235939,26湖北33,2026-04-17,2026-04-17,12.5,12.5,100.0,100,2026-04-20,0,银行间债券市场,荷兰式招标发行,,2026-04-10,2026年湖北省政府再融资专项债券(七期)
566326,湖北2633,2026-04-17,2026-04-17,12.5,12.5,100.0,100,2026-04-20,0,深交所,荷兰式招标发行,,2026-04-10,2026年湖北省政府再融资专项债券(七期)
235940,26湖北34,2026-04-17,2026-04-17,105.14,105.14,100.0,100,2026-04-20,0,上交所,荷兰式招标发行,,2026-04-10,2026年湖北省政府再融资专项债券(八期)
235940,26湖北34,2026-04-17,2026-04-17,105.14,105.14,100.0,100,2026-04-20,0,银行间债券市场,荷兰式招标发行,,2026-04-10,2026年湖北省政府再融资专项债券(八期)
566327,湖北2634,2026-04-17,2026-04-17,105.14,105.14,100.0,100,2026-04-20,0,深交所,荷兰式招标发行,,2026-04-10,2026年湖北省政府再融资专项债券(八期)
199589,广东2626,2026-04-16,2026-04-16,114.7973,114.7973,100.0,100,2026-04-17,0,深交所,荷兰式招标发行,,2026-04-09,2026年广东省政府专项债券(二十二期)
199589,26广东债26,2026-04-16,2026-04-16,114.7973,114.7973,100.0,100,2026-04-17,0,银行间债券市场,荷兰式招标发行,,2026-04-09,2026年广东省政府专项债券(二十二期)
236629,26广东26,2026-04-16,2026-04-16,114.7973,114.7973,100.0,100,2026-04-17,0,上交所,荷兰式招标发行,,2026-04-09,2026年广东省政府专项债券(二十二期)
199590,广东2627,2026-04-16,2026-04-16,30.9936,30.9936,100.0,100,2026-04-17,0,深交所,荷兰式招标发行,,2026-04-09,2026年广东省政府专项债券(二十三期)
199590,26广东债27,2026-04-16,2026-04-16,30.9936,30.9936,100.0,100,2026-04-17,0,银行间债券市场,荷兰式招标发行,,2026-04-09,2026年广东省政府专项债券(二十三期)
236630,26广东27,2026-04-16,2026-04-16,30.9936,30.9936,100.0,100,2026-04-17,0,上交所,荷兰式招标发行,,2026-04-09,2026年广东省政府专项债券(二十三期)
235929,26青岛36,2026-04-16,2026-04-16,5.68,5.68,100.0,100,2026-04-17,0,上交所,荷兰式招标发行,,2026-04-09,2026年青岛市政府专项债券(二十期)
235929,26青岛36,2026-04-16,2026-04-16,5.68,5.68,100.0,100,2026-04-17,0,银行间债券市场,荷兰式招标发行,,2026-04-09,2026年青岛市政府专项债券(二十期)
566314,青岛2636,2026-04-16,2026-04-16,5.68,5.68,100.0,100,2026-04-17,0,深交所,荷兰式招标发行,,2026-04-09,2026年青岛市政府专项债券(二十期)
235928,26青岛35,2026-04-16,2026-04-16,22.6,22.6,100.0,100,2026-04-17,0,上交所,荷兰式招标发行,,2026-04-09,2026年青岛市政府专项债券(十九期)
235928,26青岛35,2026-04-16,2026-04-16,22.6,22.6,100.0,100,2026-04-17,0,银行间债券市场,荷兰式招标发行,,2026-04-09,2026年青岛市政府专项债券(十九期)
566313,青岛2635,2026-04-16,2026-04-16,22.6,22.6,100.0,100,2026-04-17,0,深交所,荷兰式招标发行,,2026-04-09,2026年青岛市政府专项债券(十九期)
235927,26青岛34,2026-04-16,2026-04-16,2.6,2.6,100.0,100,2026-04-17,0,上交所,荷兰式招标发行,,2026-04-09,2026年青岛市政府专项债券(十八期)
235927,26青岛34,2026-04-16,2026-04-16,2.6,2.6,100.0,100,2026-04-17,0,银行间债券市场,荷兰式招标发行,,2026-04-09,2026年青岛市政府专项债券(十八期)
566312,青岛2634,2026-04-16,2026-04-16,2.6,2.6,100.0,100,2026-04-17,0,深交所,荷兰式招标发行,,2026-04-09,2026年青岛市政府专项债券(十八期)
235926,26青岛33,2026-04-16,2026-04-16,1.0,1.0,100.0,100,2026-04-17,0,上交所,荷兰式招标发行,,2026-04-09,2026年青岛市政府专项债券(十七期)
235926,26青岛33,2026-04-16,2026-04-16,1.0,1.0,100.0,100,2026-04-17,0,银行间债券市场,荷兰式招标发行,,2026-04-09,2026年青岛市政府专项债券(十七期)
566311,青岛2633,2026-04-16,2026-04-16,1.0,1.0,100.0,100,2026-04-17,0,深交所,荷兰式招标发行,,2026-04-09,2026年青岛市政府专项债券(十七期)
235923,26青岛30,2026-04-16,2026-04-16,2.0,2.0,100.0,100,2026-04-17,0,上交所,荷兰式招标发行,,2026-04-09,2026年青岛市政府一般债券(三期)
235923,26青岛30,2026-04-16,2026-04-16,2.0,2.0,100.0,100,2026-04-17,0,银行间债券市场,荷兰式招标发行,,2026-04-09,2026年青岛市政府一般债券(三期)
566308,青岛2630,2026-04-16,2026-04-16,2.0,2.0,100.0,100,2026-04-17,0,深交所,荷兰式招标发行,,2026-04-09,2026年青岛市政府一般债券(三期)
235924,26青岛31,2026-04-16,2026-04-16,6.55,6.55,100.0,100,2026-04-17,0,上交所,荷兰式招标发行,,2026-04-09,2026年青岛市政府再融资专项债券(九期)
235924,26青岛31,2026-04-16,2026-04-16,6.55,6.55,100.0,100,2026-04-17,0,银行间债券市场,荷兰式招标发行,,2026-04-09,2026年青岛市政府再融资专项债券(九期)
566309,青岛2631,2026-04-16,2026-04-16,6.55,6.55,100.0,100,2026-04-17,0,深交所,荷兰式招标发行,,2026-04-09,2026年青岛市政府再融资专项债券(九期)
235925,26青岛32,2026-04-16,2026-04-16,20.21,20.21,100.0,100,2026-04-17,0,上交所,荷兰式招标发行,,2026-04-09,2026年青岛市政府再融资专项债券(十期)
235925,26青岛32,2026-04-16,2026-04-16,20.21,20.21,100.0,100,2026-04-17,0,银行间债券市场,荷兰式招标发行,,2026-04-09,2026年青岛市政府再融资专项债券(十期)
566310,青岛2632,2026-04-16,2026-04-16,20.21,20.21,100.0,100,2026-04-17,0,深交所,荷兰式招标发行,,2026-04-09,2026年青岛市政府再融资专项债券(十期)
235932,26辽宁17,2026-04-16,2026-04-16,45.7,45.7,100.0,100,2026-04-17,0,银行间债券市场,荷兰式招标发行,,2026-04-09,2026年辽宁省地方政府再融资专项债券(五期)
235932,26辽宁17,2026-04-16,2026-04-16,45.7,45.7,100.0,100,2026-04-17,0,上交所,荷兰式招标发行,,2026-04-09,2026年辽宁省地方政府再融资专项债券(五期)
566317,辽宁2617,2026-04-16,2026-04-16,45.7,45.7,100.0,100,2026-04-17,0,深交所,荷兰式招标发行,,2026-04-09,2026年辽宁省地方政府再融资专项债券(五期)
235931,26辽宁16,2026-04-16,2026-04-16,45.97,45.97,100.0,100,2026-04-17,0,上交所,荷兰式招标发行,,2026-04-09,2026年辽宁省地方政府再融资专项债券(四期)
235931,26辽宁16,2026-04-16,2026-04-16,45.97,45.97,100.0,100,2026-04-17,0,银行间债券市场,荷兰式招标发行,,2026-04-09,2026年辽宁省地方政府再融资专项债券(四期)
566316,辽宁2616,2026-04-16,2026-04-16,45.97,45.97,100.0,100,2026-04-17,0,深交所,荷兰式招标发行,,2026-04-09,2026年辽宁省地方政府再融资专项债券(四期)
235930,26辽宁15,2026-04-16,2026-04-16,47.14,47.14,100.0,100,2026-04-17,0,银行间债券市场,荷兰式招标发行,,2026-04-09,2026年辽宁省地方政府再融资一般债券(四期)
235930,26辽宁15,2026-04-16,2026-04-16,47.14,47.14,100.0,100,2026-04-17,0,上交所,荷兰式招标发行,,2026-04-09,2026年辽宁省地方政府再融资一般债券(四期)
566315,辽宁2615,2026-04-16,2026-04-16,47.14,47.14,100.0,100,2026-04-17,0,深交所,荷兰式招标发行,,2026-04-09,2026年辽宁省地方政府再融资一般债券(四期)
236631,26陕西11,2026-04-16,2026-04-16,149.1952,149.1952,100.0,100,2026-04-17,0,上交所,荷兰式招标发行,,2026-04-09,2026年陕西省地方政府再融资一般债券(二期)
2605435,26陕西债11,2026-04-16,2026-04-16,149.1952,149.1952,100.0,100,2026-04-17,0,银行间债券市场,荷兰式招标发行,,2026-04-09,2026年陕西省地方政府再融资一般债券(二期)
566318,陕西2611,2026-04-16,2026-04-16,149.1952,149.1952,100.0,100,2026-04-17,0,深交所,荷兰式招标发行,,2026-04-09,2026年陕西省地方政府再融资一般债券(二期)
236632,26陕西12,2026-04-16,2026-04-16,17.0108,17.0108,100.0,100,2026-04-17,0,上交所,荷兰式招标发行,,2026-04-09,2026年陕西省地方政府再融资专项债券(四期)
2605436,26陕西债12,2026-04-16,2026-04-16,17.0108,17.0108,100.0,100,2026-04-17,0,银行间债券市场,荷兰式招标发行,,2026-04-09,2026年陕西省地方政府再融资专项债券(四期)
566319,陕西2612,2026-04-16,2026-04-16,17.0108,17.0108,100.0,100,2026-04-17,0,深交所,荷兰式招标发行,,2026-04-09,2026年陕西省地方政府再融资专项债券(四期)
236626,26云南08,2026-04-14,2026-04-14,100.0,100.0,100.0,100,2026-04-15,0,上交所,荷兰式招标发行,,2026-04-07,2026年云南省地方政府再融资专项债券(三期)
2605426,26云南债08,2026-04-14,2026-04-14,100.0,100.0,100.0,100,2026-04-15,0,银行间债券市场,荷兰式招标发行,,2026-04-07,2026年云南省地方政府再融资专项债券(三期)
566305,云南2608,2026-04-14,2026-04-14,100.0,100.0,100.0,100,2026-04-15,0,深交所,荷兰式招标发行,,2026-04-07,2026年云南省地方政府再融资专项债券(三期)
236627,26云南09,2026-04-14,2026-04-14,100.0,100.0,100.0,100,2026-04-15,0,上交所,荷兰式招标发行,,2026-04-07,2026年云南省地方政府再融资专项债券(四期)
2605427,26云南债09,2026-04-14,2026-04-14,100.0,100.0,100.0,100,2026-04-15,0,银行间债券市场,荷兰式招标发行,,2026-04-07,2026年云南省地方政府再融资专项债券(四期)
566306,云南2609,2026-04-14,2026-04-14,100.0,100.0,100.0,100,2026-04-15,0,深交所,荷兰式招标发行,,2026-04-07,2026年云南省地方政府再融资专项债券(四期)
236628,26云南10,2026-04-14,2026-04-14,100.0,100.0,100.0,100,2026-04-15,0,上交所,荷兰式招标发行,,2026-04-07,2026年云南省地方政府再融资专项债券(五期)
2605428,26云南债10,2026-04-14,2026-04-14,100.0,100.0,100.0,100,2026-04-15,0,银行间债券市场,荷兰式招标发行,,2026-04-07,2026年云南省地方政府再融资专项债券(五期)
566307,云南2610,2026-04-14,2026-04-14,100.0,100.0,100.0,100,2026-04-15,0,深交所,荷兰式招标发行,,2026-04-07,2026年云南省地方政府再融资专项债券(五期)
199591,26山东债34,2026-04-14,2026-04-14,12.38,12.38,100.0,100,2026-04-15,0,银行间债券市场,荷兰式招标发行,,2026-04-07,2026年山东省政府专项债券(十八期)
199591,山东2634,2026-04-14,2026-04-14,12.38,12.38,100.0,100,2026-04-15,0,深交所,荷兰式招标发行,,2026-04-07,2026年山东省政府专项债券(十八期)
236614,26山东34,2026-04-14,2026-04-14,12.38,12.38,100.0,100,2026-04-15,0,上交所,荷兰式招标发行,,2026-04-07,2026年山东省政府专项债券(十八期)
199594,山东2637,2026-04-14,2026-04-14,8.06,8.06,100.0,100,2026-04-15,0,深交所,荷兰式招标发行,,2026-04-07,2026年山东省政府专项债券(二十一期)
199594,26山东债37,2026-04-14,2026-04-14,8.06,8.06,100.0,100,2026-04-15,0,银行间债券市场,荷兰式招标发行,,2026-04-07,2026年山东省政府专项债券(二十一期)
236617,26山东37,2026-04-14,2026-04-14,8.06,8.06,100.0,100,2026-04-15,0,上交所,荷兰式招标发行,,2026-04-07,2026年山东省政府专项债券(二十一期)
199595,26山东债38,2026-04-14,2026-04-14,4.45,4.45,100.0,100,2026-04-15,0,银行间债券市场,荷兰式招标发行,,2026-04-07,2026年山东省政府专项债券(二十二期)
199595,山东2638,2026-04-14,2026-04-14,4.45,4.45,100.0,100,2026-04-15,0,深交所,荷兰式招标发行,,2026-04-07,2026年山东省政府专项债券(二十二期)
236618,26山东38,2026-04-14,2026-04-14,4.45,4.45,100.0,100,2026-04-15,0,上交所,荷兰式招标发行,,2026-04-07,2026年山东省政府专项债券(二十二期)
199597,26山东债40,2026-04-14,2026-04-14,7.23,7.23,100.0,100,2026-04-15,0,银行间债券市场,荷兰式招标发行,,2026-04-07,2026年山东省政府一般债券(一期)
199597,山东2640,2026-04-14,2026-04-14,7.23,7.23,100.0,100,2026-04-15,0,深交所,荷兰式招标发行,,2026-04-07,2026年山东省政府一般债券(一期)
236620,26山东40,2026-04-14,2026-04-14,7.23,7.23,100.0,100,2026-04-15,0,上交所,荷兰式招标发行,,2026-04-07,2026年山东省政府一般债券(一期)
199598,山东2641,2026-04-14,2026-04-14,124.26,124.26,100.0,100,2026-04-15,0,深交所,荷兰式招标发行,,2026-04-07,2026年山东省地方政府再融资一般债券(三期)
199598,26山东债41,2026-04-14,2026-04-14,124.26,124.26,100.0,100,2026-04-15,0,银行间债券市场,荷兰式招标发行,,2026-04-07,2026年山东省地方政府再融资一般债券(三期)
236621,26山东41,2026-04-14,2026-04-14,124.26,124.26,100.0,100,2026-04-15,0,上交所,荷兰式招标发行,,2026-04-07,2026年山东省地方政府再融资一般债券(三期)
199599,26山东债42,2026-04-14,2026-04-14,18.41,18.41,100.0,100,2026-04-15,0,银行间债券市场,荷兰式招标发行,,2026-04-07,2026年山东省地方政府再融资专项债券(十五期)
199599,山东2642,2026-04-14,2026-04-14,18.41,18.41,100.0,100,2026-04-15,0,深交所,荷兰式招标发行,,2026-04-07,2026年山东省地方政府再融资专项债券(十五期)
236622,26山东42,2026-04-14,2026-04-14,18.41,18.41,100.0,100,2026-04-15,0,上交所,荷兰式招标发行,,2026-04-07,2026年山东省地方政府再融资专项债券(十五期)
199600,山东2643,2026-04-14,2026-04-14,9.85,9.85,100.0,100,2026-04-15,0,深交所,荷兰式招标发行,,2026-04-07,2026年山东省地方政府再融资专项债券(十六期)
199600,26山东债43,2026-04-14,2026-04-14,9.85,9.85,100.0,100,2026-04-15,0,银行间债券市场,荷兰式招标发行,,2026-04-07,2026年山东省地方政府再融资专项债券(十六期)
236623,26山东43,2026-04-14,2026-04-14,9.85,9.85,100.0,100,2026-04-15,0,上交所,荷兰式招标发行,,2026-04-07,2026年山东省地方政府再融资专项债券(十六期)
199593,26山东债36,2026-04-14,2026-04-14,54.35,54.35,100.0,100,2026-04-15,0,银行间债券市场,荷兰式招标发行,,2026-04-07,2026年山东省政府专项债券(二十期)
199593,山东2636,2026-04-14,2026-04-14,54.35,54.35,100.0,100,2026-04-15,0,深交所,荷兰式招标发行,,2026-04-07,2026年山东省政府专项债券(二十期)
236616,26山东36,2026-04-14,2026-04-14,54.35,54.35,100.0,100,2026-04-15,0,上交所,荷兰式招标发行,,2026-04-07,2026年山东省政府专项债券(二十期)
199596,山东2639,2026-04-14,2026-04-14,11.56,11.56,100.0,100,2026-04-15,0,深交所,荷兰式招标发行,,2026-04-07,2026年山东省政府专项债券(二十三期)
199596,26山东债39,2026-04-14,2026-04-14,11.56,11.56,100.0,100,2026-04-15,0,银行间债券市场,荷兰式招标发行,,2026-04-07,2026年山东省政府专项债券(二十三期)
236619,26山东39,2026-04-14,2026-04-14,11.56,11.56,100.0,100,2026-04-15,0,上交所,荷兰式招标发行,,2026-04-07,2026年山东省政府专项债券(二十三期)
199601,26山东债44,2026-04-14,2026-04-14,35.39,35.39,100.0,100,2026-04-15,0,银行间债券市场,荷兰式招标发行,,2026-04-07,2026年山东省地方政府再融资专项债券(十七期)
199601,山东2644,2026-04-14,2026-04-14,35.39,35.39,100.0,100,2026-04-15,0,深交所,荷兰式招标发行,,2026-04-07,2026年山东省地方政府再融资专项债券(十七期)
236624,26山东44,2026-04-14,2026-04-14,35.39,35.39,100.0,100,2026-04-15,0,上交所,荷兰式招标发行,,2026-04-07,2026年山东省地方政府再融资专项债券(十七期)
199592,山东2635,2026-04-14,2026-04-14,99.81,99.81,100.0,100,2026-04-15,0,深交所,荷兰式招标发行,,2026-04-07,2026年山东省政府专项债券(十九期)
199592,26山东债35,2026-04-14,2026-04-14,99.81,99.81,100.0,100,2026-04-15,0,银行间债券市场,荷兰式招标发行,,2026-04-07,2026年山东省政府专项债券(十九期)
236615,26山东35,2026-04-14,2026-04-14,99.81,99.81,100.0,100,2026-04-15,0,上交所,荷兰式招标发行,,2026-04-07,2026年山东省政府专项债券(十九期)
199602,山东2645,2026-04-14,2026-04-14,33.06,33.06,100.0,100,2026-04-15,0,深交所,荷兰式招标发行,,2026-04-07,2026年山东省地方政府再融资专项债券(十八期)
199602,26山东债45,2026-04-14,2026-04-14,33.06,33.06,100.0,100,2026-04-15,0,银行间债券市场,荷兰式招标发行,,2026-04-07,2026年山东省地方政府再融资专项债券(十八期)
236625,26山东45,2026-04-14,2026-04-14,33.06,33.06,100.0,100,2026-04-15,0,上交所,荷兰式招标发行,,2026-04-07,2026年山东省地方政府再融资专项债券(十八期)
236613,26河北22,2026-04-13,2026-04-13,60.0,60.0,100.0,100,2026-04-14,0,上交所,荷兰式招标发行,,2026-04-03,2026年河北省政府专项债券(十七期)
2605425,26河北债22,2026-04-13,2026-04-13,60.0,60.0,100.0,100,2026-04-14,0,银行间债券市场,荷兰式招标发行,,2026-04-03,2026年河北省政府专项债券(十七期)
566304,河北2622,2026-04-13,2026-04-13,60.0,60.0,100.0,100,2026-04-14,0,深交所,荷兰式招标发行,,2026-04-03,2026年河北省政府专项债券(十七期)
235917,26浙江29,2026-04-10,2026-04-10,32.1,32.1,100.0,100,2026-04-13,0,上交所,荷兰式招标发行,,2026-04-01,2026年浙江省其他项目收益专项债券(八期)-2026年浙江省政府专项债券(十五期)
235917,26浙江29,2026-04-10,2026-04-10,32.1,32.1,100.0,100,2026-04-13,0,银行间债券市场,荷兰式招标发行,,2026-04-01,2026年浙江省其他项目收益专项债券(八期)-2026年浙江省政府专项债券(十五期)
566303,浙江2629,2026-04-10,2026-04-10,32.1,32.1,100.0,100,2026-04-13,0,深交所,荷兰式招标发行,,2026-04-01,2026年浙江省其他项目收益专项债券(八期)-2026年浙江省政府专项债券(十五期)
235913,26浙江25,2026-04-10,2026-04-10,59.42,59.42,100.0,100,2026-04-13,0,上交所,荷兰式招标发行,,2026-04-01,2026年浙江省地方政府再融资一般债券(四期)
235913,26浙江25,2026-04-10,2026-04-10,59.42,59.42,100.0,100,2026-04-13,0,银行间债券市场,荷兰式招标发行,,2026-04-01,2026年浙江省地方政府再融资一般债券(四期)
566299,浙江2625,2026-04-10,2026-04-10,59.42,59.42,100.0,100,2026-04-13,0,深交所,荷兰式招标发行,,2026-04-01,2026年浙江省地方政府再融资一般债券(四期)
235915,26浙江27,2026-04-10,2026-04-10,48.014,48.014,100.0,100,2026-04-13,0,上交所,荷兰式招标发行,,2026-04-01,2026年浙江省地方政府再融资专项债券(七期)
235915,26浙江27,2026-04-10,2026-04-10,48.014,48.014,100.0,100,2026-04-13,0,银行间债券市场,荷兰式招标发行,,2026-04-01,2026年浙江省地方政府再融资专项债券(七期)
566301,浙江2627,2026-04-10,2026-04-10,48.014,48.014,100.0,100,2026-04-13,0,深交所,荷兰式招标发行,,2026-04-01,2026年浙江省地方政府再融资专项债券(七期)
235914,26浙江26,2026-04-10,2026-04-10,127.4292,127.4292,100.0,100,2026-04-13,0,银行间债券市场,荷兰式招标发行,,2026-04-01,2026年浙江省地方政府再融资一般债券(五期)
235914,26浙江26,2026-04-10,2026-04-10,127.4292,127.4292,100.0,100,2026-04-13,0,上交所,荷兰式招标发行,,2026-04-01,2026年浙江省地方政府再融资一般债券(五期)
566300,浙江2626,2026-04-10,2026-04-10,127.4292,127.4292,100.0,100,2026-04-13,0,深交所,荷兰式招标发行,,2026-04-01,2026年浙江省地方政府再融资一般债券(五期)
235916,26浙江28,2026-04-10,2026-04-10,157.121,157.121,100.0,100,2026-04-13,0,银行间债券市场,荷兰式招标发行,,2026-04-01,2026年浙江省地方政府再融资专项债券(八期)
235916,26浙江28,2026-04-10,2026-04-10,157.121,157.121,100.0,100,2026-04-13,0,上交所,荷兰式招标发行,,2026-04-01,2026年浙江省地方政府再融资专项债券(八期)
566302,浙江2628,2026-04-10,2026-04-10,157.121,157.121,100.0,100,2026-04-13,0,深交所,荷兰式招标发行,,2026-04-01,2026年浙江省地方政府再融资专项债券(八期)
236605,26龙江06,2026-04-09,2026-04-09,94.0682,94.0682,100.0,100,2026-04-10,0,上交所,荷兰式招标发行,,2026-03-25,2026年黑龙江省政府再融资一般债券(一期)
2605416,26黑龙江债06,2026-04-09,2026-04-09,94.0682,94.0682,100.0,100,2026-04-10,0,银行间债券市场,荷兰式招标发行,,2026-03-25,2026年黑龙江省政府再融资一般债券(一期)
566291,黑龙江2606,2026-04-09,2026-04-09,94.0682,94.0682,100.0,100,2026-04-10,0,深交所,荷兰式招标发行,,2026-03-25,2026年黑龙江省政府再融资一般债券(一期)
236606,26龙江07,2026-04-09,2026-04-09,39.9995,39.9995,100.0,100,2026-04-10,0,上交所,荷兰式招标发行,,2026-03-25,2026年黑龙江省政府再融资专项债券(一期)
2605417,26黑龙江债07,2026-04-09,2026-04-09,39.9995,39.9995,100.0,100,2026-04-10,0,银行间债券市场,荷兰式招标发行,,2026-03-25,2026年黑龙江省政府再融资专项债券(一期)
566292,黑龙江2607,2026-04-09,2026-04-09,39.9995,39.9995,100.0,100,2026-04-10,0,深交所,荷兰式招标发行,,2026-03-25,2026年黑龙江省政府再融资专项债券(一期)
236607,26龙江08,2026-04-09,2026-04-09,310.405,310.405,100.0,100,2026-04-10,0,上交所,荷兰式招标发行,,2026-03-25,2026年黑龙江省政府再融资专项债券(二期)
2605418,26黑龙江债08,2026-04-09,2026-04-09,310.405,310.405,100.0,100,2026-04-10,0,银行间债券市场,荷兰式招标发行,,2026-03-25,2026年黑龙江省政府再融资专项债券(二期)
566293,黑龙江2608,2026-04-09,2026-04-09,310.405,310.405,100.0,100,2026-04-10,0,深交所,荷兰式招标发行,,2026-03-25,2026年黑龙江省政府再融资专项债券(二期)
236608,26宁夏06,2026-04-09,2026-04-09,0.55,0.55,100.0,100,2026-04-10,0,上交所,荷兰式招标发行,,2026-04-01,2026年宁夏回族自治区城乡发展专项债券(一期)-2026年宁夏回族自治区政府专项债券(三期)
2605420,26宁夏债06,2026-04-09,2026-04-09,0.55,0.55,100.0,100,2026-04-10,0,银行间债券市场,荷兰式招标发行,,2026-04-01,2026年宁夏回族自治区城乡发展专项债券(一期)-2026年宁夏回族自治区政府专项债券(三期)
566294,宁夏2606,2026-04-09,2026-04-09,0.55,0.55,100.0,100,2026-04-10,0,深交所,荷兰式招标发行,,2026-04-01,2026年宁夏回族自治区城乡发展专项债券(一期)-2026年宁夏回族自治区政府专项债券(三期)
236609,26宁夏07,2026-04-09,2026-04-09,1.506,1.506,100.0,100,2026-04-10,0,上交所,荷兰式招标发行,,2026-04-01,2026年宁夏回族自治区城乡发展专项债券(二期)-2026年宁夏回族自治区政府专项债券(四期)
2605421,26宁夏债07,2026-04-09,2026-04-09,1.506,1.506,100.0,100,2026-04-10,0,银行间债券市场,荷兰式招标发行,,2026-04-01,2026年宁夏回族自治区城乡发展专项债券(二期)-2026年宁夏回族自治区政府专项债券(四期)
566295,宁夏2607,2026-04-09,2026-04-09,1.506,1.506,100.0,100,2026-04-10,0,深交所,荷兰式招标发行,,2026-04-01,2026年宁夏回族自治区城乡发展专项债券(二期)-2026年宁夏回族自治区政府专项债券(四期)
236610,26宁夏08,2026-04-09,2026-04-09,4.1461,4.1461,100.0,100,2026-04-10,0,上交所,荷兰式招标发行,,2026-04-01,2026年宁夏回族自治区城乡发展专项债券(三期)-2026年宁夏回族自治区政府专项债券(五期)
2605422,26宁夏债08,2026-04-09,2026-04-09,4.1461,4.1461,100.0,100,2026-04-10,0,银行间债券市场,荷兰式招标发行,,2026-04-01,2026年宁夏回族自治区城乡发展专项债券(三期)-2026年宁夏回族自治区政府专项债券(五期)
566296,宁夏2608,2026-04-09,2026-04-09,4.1461,4.1461,100.0,100,2026-04-10,0,深交所,荷兰式招标发行,,2026-04-01,2026年宁夏回族自治区城乡发展专项债券(三期)-2026年宁夏回族自治区政府专项债券(五期)
236611,26宁夏09,2026-04-09,2026-04-09,14.5105,14.5105,100.0,100,2026-04-10,0,上交所,荷兰式招标发行,,2026-04-01,2026年宁夏回族自治区城乡发展专项债券(四期)-2026年宁夏回族自治区政府专项债券(六期)
2605423,26宁夏债09,2026-04-09,2026-04-09,14.5105,14.5105,100.0,100,2026-04-10,0,银行间债券市场,荷兰式招标发行,,2026-04-01,2026年宁夏回族自治区城乡发展专项债券(四期)-2026年宁夏回族自治区政府专项债券(六期)
566297,宁夏2609,2026-04-09,2026-04-09,14.5105,14.5105,100.0,100,2026-04-10,0,深交所,荷兰式招标发行,,2026-04-01,2026年宁夏回族自治区城乡发展专项债券(四期)-2026年宁夏回族自治区政府专项债券(六期)
236612,26宁夏10,2026-04-09,2026-04-09,11.7903,11.7903,100.0,100,2026-04-10,0,上交所,荷兰式招标发行,,2026-04-01,2026年宁夏回族自治区城乡发展专项债券(五期)-2026年宁夏回族自治区政府专项债券(七期)
2605424,26宁夏债10,2026-04-09,2026-04-09,11.7903,11.7903,100.0,100,2026-04-10,0,银行间债券市场,荷兰式招标发行,,2026-04-01,2026年宁夏回族自治区城乡发展专项债券(五期)-2026年宁夏回族自治区政府专项债券(七期)
566298,宁夏2610,2026-04-09,2026-04-09,11.7903,11.7903,100.0,100,2026-04-10,0,深交所,荷兰式招标发行,,2026-04-01,2026年宁夏回族自治区城乡发展专项债券(五期)-2026年宁夏回族自治区政府专项债券(七期)
235919,26贵州07,2026-04-09,2026-04-09,66.8757,66.8757,100.0,100,2026-04-10,0,银行间债券市场,荷兰式招标发行,,2026-04-01,2026年贵州省地方政府再融资专项债券(四期)
235919,26贵州07,2026-04-09,2026-04-09,66.8757,66.8757,100.0,100,2026-04-10,0,上交所,荷兰式招标发行,,2026-04-01,2026年贵州省地方政府再融资专项债券(四期)
566287,贵州2607,2026-04-09,2026-04-09,66.8757,66.8757,100.0,100,2026-04-10,0,深交所,荷兰式招标发行,,2026-04-01,2026年贵州省地方政府再融资专项债券(四期)
235918,26贵州06,2026-04-09,2026-04-09,67.7029,67.7029,100.0,100,2026-04-10,0,上交所,荷兰式招标发行,,2026-04-01,2026年贵州省政府一般债券(一期)
235918,26贵州06,2026-04-09,2026-04-09,67.7029,67.7029,100.0,100,2026-04-10,0,银行间债券市场,荷兰式招标发行,,2026-04-01,2026年贵州省政府一般债券(一期)
566286,贵州2606,2026-04-09,2026-04-09,67.7029,67.7029,100.0,100,2026-04-10,0,深交所,荷兰式招标发行,,2026-04-01,2026年贵州省政府一般债券(一期)
235920,26贵州08,2026-04-09,2026-04-09,150.0,150.0,100.0,100,2026-04-10,0,上交所,荷兰式招标发行,,2026-04-01,2026年贵州省地方政府再融资专项债券(五期)
235920,26贵州08,2026-04-09,2026-04-09,150.0,150.0,100.0,100,2026-04-10,0,银行间债券市场,荷兰式招标发行,,2026-04-01,2026年贵州省地方政府再融资专项债券(五期)
566288,贵州2608,2026-04-09,2026-04-09,150.0,150.0,100.0,100,2026-04-10,0,深交所,荷兰式招标发行,,2026-04-01,2026年贵州省地方政府再融资专项债券(五期)
235921,26贵州09,2026-04-09,2026-04-09,150.0,150.0,100.0,100,2026-04-10,0,银行间债券市场,荷兰式招标发行,,2026-04-01,2026年贵州省地方政府再融资专项债券(六期)
235921,26贵州09,2026-04-09,2026-04-09,150.0,150.0,100.0,100,2026-04-10,0,上交所,荷兰式招标发行,,2026-04-01,2026年贵州省地方政府再融资专项债券(六期)
566289,贵州2609,2026-04-09,2026-04-09,150.0,150.0,100.0,100,2026-04-10,0,深交所,荷兰式招标发行,,2026-04-01,2026年贵州省地方政府再融资专项债券(六期)
235922,26贵州10,2026-04-09,2026-04-09,200.0,200.0,100.0,100,2026-04-10,0,银行间债券市场,荷兰式招标发行,,2026-04-01,2026年贵州省地方政府再融资专项债券(七期)
235922,26贵州10,2026-04-09,2026-04-09,200.0,200.0,100.0,100,2026-04-10,0,上交所,荷兰式招标发行,,2026-04-01,2026年贵州省地方政府再融资专项债券(七期)
566290,贵州2610,2026-04-09,2026-04-09,200.0,200.0,100.0,100,2026-04-10,0,深交所,荷兰式招标发行,,2026-04-01,2026年贵州省地方政府再融资专项债券(七期)
236604,26福建08,2026-04-08,2026-04-08,66.3235,66.3235,100.0,100,2026-04-09,0,上交所,荷兰式招标发行,,2026-03-31,2026年福建省政府专项债券(三期)
2605419,26福建债08,2026-04-08,2026-04-08,66.3235,66.3235,100.0,100,2026-04-09,0,银行间债券市场,荷兰式招标发行,,2026-03-31,2026年福建省政府专项债券(三期)
566285,福建2608,2026-04-08,2026-04-08,66.3235,66.3235,100.0,100,2026-04-09,0,深交所,荷兰式招标发行,,2026-03-31,2026年福建省政府专项债券(三期)
236602,26湖南14,2026-04-07,2026-04-07,24.87,24.87,100.0,100,2026-04-08,0,上交所,荷兰式招标发行,,2026-03-30,2026年湖南省政府专项债券(九期)
566283,湖南2614,2026-04-07,2026-04-07,24.87,24.87,100.0,100,2026-04-08,0,深交所,荷兰式招标发行,,2026-03-30,2026年湖南省政府专项债券(九期)
809334,26湖南14,2026-04-07,2026-04-07,24.87,24.87,100.0,100,2026-04-08,0,银行间债券市场,荷兰式招标发行,,2026-03-30,2026年湖南省政府专项债券(九期)
809334,26湖南14,2026-04-07,2026-04-07,24.87,24.87,100.0,100,2026-04-08,0,北交所,荷兰式招标发行,,2026-03-30,2026年湖南省政府专项债券(九期)
236603,26湖南15,2026-04-07,2026-04-07,272.27,272.27,100.0,100,2026-04-08,0,上交所,荷兰式招标发行,,2026-03-30,2026年湖南省地方政府再融资一般债券(三期)
566284,湖南2615,2026-04-07,2026-04-07,272.27,272.27,100.0,100,2026-04-08,0,深交所,荷兰式招标发行,,2026-03-30,2026年湖南省地方政府再融资一般债券(三期)
809335,26湖南15,2026-04-07,2026-04-07,272.27,272.27,100.0,100,2026-04-08,0,银行间债券市场,荷兰式招标发行,,2026-03-30,2026年湖南省地方政府再融资一般债券(三期)
809335,26湖南15,2026-04-07,2026-04-07,272.27,272.27,100.0,100,2026-04-08,0,北交所,荷兰式招标发行,,2026-03-30,2026年湖南省地方政府再融资一般债券(三期)
235912,26宁波14,2026-04-03,2026-04-03,25.08,25.08,100.0,100,2026-04-07,0,银行间债券市场,荷兰式招标发行,,2026-03-27,2026年宁波市地方政府再融资专项债券(三期)
235912,26宁波14,2026-04-03,2026-04-03,25.08,25.08,100.0,100,2026-04-07,0,上交所,荷兰式招标发行,,2026-03-27,2026年宁波市地方政府再融资专项债券(三期)
566282,宁波2614,2026-04-03,2026-04-03,25.08,25.08,100.0,100,2026-04-07,0,深交所,荷兰式招标发行,,2026-03-27,2026年宁波市地方政府再融资专项债券(三期)
199585,26深圳债07,2026-04-03,2026-04-03,0.45,0.45,100.0,100,2026-04-07,0,银行间债券市场,荷兰式招标发行,,2026-03-27,2026年深圳市政府专项债券(六期)
199585,深圳2607,2026-04-03,2026-04-03,0.45,0.45,100.0,100,2026-04-07,0,深交所,荷兰式招标发行,,2026-03-27,2026年深圳市政府专项债券(六期)
236598,26深圳07,2026-04-03,2026-04-03,0.45,0.45,100.0,100,2026-04-07,0,上交所,荷兰式招标发行,,2026-03-27,2026年深圳市政府专项债券(六期)
199586,深圳2608,2026-04-03,2026-04-03,38.0,38.0,100.0,100,2026-04-07,0,深交所,荷兰式招标发行,,2026-03-27,2026年深圳市政府专项债券(七期)
199586,26深圳债08,2026-04-03,2026-04-03,38.0,38.0,100.0,100,2026-04-07,0,银行间债券市场,荷兰式招标发行,,2026-03-27,2026年深圳市政府专项债券(七期)
236599,26深圳08,2026-04-03,2026-04-03,38.0,38.0,100.0,100,2026-04-07,0,上交所,荷兰式招标发行,,2026-03-27,2026年深圳市政府专项债券(七期)
199587,26深圳债09,2026-04-03,2026-04-03,1.53,1.53,100.0,100,2026-04-07,0,银行间债券市场,荷兰式招标发行,,2026-03-27,2026年深圳市政府专项债券(八期)
199587,深圳2609,2026-04-03,2026-04-03,1.53,1.53,100.0,100,2026-04-07,0,深交所,荷兰式招标发行,,2026-03-27,2026年深圳市政府专项债券(八期)
236600,26深圳09,2026-04-03,2026-04-03,1.53,1.53,100.0,100,2026-04-07,0,上交所,荷兰式招标发行,,2026-03-27,2026年深圳市政府专项债券(八期)
199588,深圳2610,2026-04-03,2026-04-03,23.8,23.8,100.0,100,2026-04-07,0,深交所,荷兰式招标发行,,2026-03-27,2026年深圳市政府专项债券(九期)
199588,26深圳债10,2026-04-03,2026-04-03,23.8,23.8,100.0,100,2026-04-07,0,银行间债券市场,荷兰式招标发行,,2026-03-27,2026年深圳市政府专项债券(九期)
236601,26深圳10,2026-04-03,2026-04-03,23.8,23.8,100.0,100,2026-04-07,0,上交所,荷兰式招标发行,,2026-03-27,2026年深圳市政府专项债券(九期)
199583,重庆2620,2026-04-02,2026-04-02,201.6,201.6,100.0,100,2026-04-03,0,深交所,荷兰式招标发行,,2026-03-26,2026年重庆市地方政府再融资专项债券(六期)
199583,26重庆债20,2026-04-02,2026-04-02,201.6,201.6,100.0,100,2026-04-03,0,银行间债券市场,荷兰式招标发行,,2026-03-26,2026年重庆市地方政府再融资专项债券(六期)
236596,26重庆20,2026-04-02,2026-04-02,201.6,201.6,100.0,100,2026-04-03,0,上交所,荷兰式招标发行,,2026-03-26,2026年重庆市地方政府再融资专项债券(六期)
199584,26重庆债21,2026-04-02,2026-04-02,91.75,91.75,100.0,100,2026-04-03,0,银行间债券市场,荷兰式招标发行,,2026-03-26,2026年重庆市地方政府再融资专项债券(七期)
199584,重庆2621,2026-04-02,2026-04-02,91.75,91.75,100.0,100,2026-04-03,0,深交所,荷兰式招标发行,,2026-03-26,2026年重庆市地方政府再融资专项债券(七期)
236597,26重庆21,2026-04-02,2026-04-02,91.75,91.75,100.0,100,2026-04-03,0,上交所,荷兰式招标发行,,2026-03-26,2026年重庆市地方政府再融资专项债券(七期)
236595,26河南26,2026-04-01,2026-04-01,94.25,94.25,100.0,100,2026-04-02,0,上交所,荷兰式招标发行,,2026-03-25,2026年河南省政府再融资专项债券(七期)-2026年河南省政府专项债券(二十一期)
2605415,26河南债26,2026-04-01,2026-04-01,94.25,94.25,100.0,100,2026-04-02,0,银行间债券市场,荷兰式招标发行,,2026-03-25,2026年河南省政府再融资专项债券(七期)-2026年河南省政府专项债券(二十一期)
566281,河南2626,2026-04-01,2026-04-01,94.25,94.25,100.0,100,2026-04-02,0,深交所,荷兰式招标发行,,2026-03-25,2026年河南省政府再融资专项债券(七期)-2026年河南省政府专项债券(二十一期)
236594,26河南25,2026-04-01,2026-04-01,24.44,24.44,100.0,100,2026-04-02,0,上交所,荷兰式招标发行,,2026-03-25,2026年河南省政府再融资专项债券(六期)-2026年河南省政府专项债券(二十期)
2605414,26河南债25,2026-04-01,2026-04-01,24.44,24.44,100.0,100,2026-04-02,0,银行间债券市场,荷兰式招标发行,,2026-03-25,2026年河南省政府再融资专项债券(六期)-2026年河南省政府专项债券(二十期)
566280,河南2625,2026-04-01,2026-04-01,24.44,24.44,100.0,100,2026-04-02,0,深交所,荷兰式招标发行,,2026-03-25,2026年河南省政府再融资专项债券(六期)-2026年河南省政府专项债券(二十期)
236593,26河南24,2026-04-01,2026-04-01,126.0776,126.0776,100.0,100,2026-04-02,0,上交所,荷兰式招标发行,,2026-03-25,2026年河南省政府再融资一般债券(四期)-2026年河南省政府一般债券(五期)
2605413,26河南债24,2026-04-01,2026-04-01,126.0776,126.0776,100.0,100,2026-04-02,0,银行间债券市场,荷兰式招标发行,,2026-03-25,2026年河南省政府再融资一般债券(四期)-2026年河南省政府一般债券(五期)
566279,河南2624,2026-04-01,2026-04-01,126.0776,126.0776,100.0,100,2026-04-02,0,深交所,荷兰式招标发行,,2026-03-25,2026年河南省政府再融资一般债券(四期)-2026年河南省政府一般债券(五期)
236592,26河南23,2026-04-01,2026-04-01,143.5423,143.5423,100.0,100,2026-04-02,0,上交所,荷兰式招标发行,,2026-03-25,2026年河南省政府再融资一般债券(三期)-2026年河南省政府一般债券(四期)
2605412,26河南债23,2026-04-01,2026-04-01,143.5423,143.5423,100.0,100,2026-04-02,0,银行间债券市场,荷兰式招标发行,,2026-03-25,2026年河南省政府再融资一般债券(三期)-2026年河南省政府一般债券(四期)
566278,河南2623,2026-04-01,2026-04-01,143.5423,143.5423,100.0,100,2026-04-02,0,深交所,荷兰式招标发行,,2026-03-25,2026年河南省政府再融资一般债券(三期)-2026年河南省政府一般债券(四期)
236591,26河南22,2026-04-01,2026-04-01,159.1201,159.1201,100.0,100,2026-04-02,0,上交所,荷兰式招标发行,,2026-03-25,2026年河南省政府再融资一般债券(二期)-2026年河南省政府一般债券(三期)
2605411,26河南债22,2026-04-01,2026-04-01,159.1201,159.1201,100.0,100,2026-04-02,0,银行间债券市场,荷兰式招标发行,,2026-03-25,2026年河南省政府再融资一般债券(二期)-2026年河南省政府一般债券(三期)
566277,河南2622,2026-04-01,2026-04-01,159.1201,159.1201,100.0,100,2026-04-02,0,深交所,荷兰式招标发行,,2026-03-25,2026年河南省政府再融资一般债券(二期)-2026年河南省政府一般债券(三期)
