index,value
1,新综合指数
2,高等级科技创新债券综合指数
3,长江养老年金基金债券指数
4,中信证券挂钩DR浮动利率政策性银行债活跃券指数
5,股份制商业银行同业存单指数
6,金融高质量发展主题信用债指数
7,交易所国债指数
8,进出口行债券总指数
9,市场隐含评级AA信用债指数
10,房地产行业信用债指数
11,重庆市地方政府债指数
12,甘肃省地方政府债指数
13,公司信用类科技创新债券指数
14,长三角绿色债券指数
15,企业债AA-指数
16,中国高等级债券指数
17,中高等级公司信用类债券指数
18,系统重要性银行债券指数
19,红利现金流高等级股债金波动率控制1.5%指数
20,中高等级粤港澳大湾区绿色债券指数
21,投资级公司信用债综合指数
22,中高等级绿色金融债券指数
23,高等级科技创新债券指数
24,北京农商银行中高信用等级农村商业银行金融债券指数
25,货币市场基金可投资债券指数
26,高信用等级债券指数
27,非银金融行业信用债指数
28,商业银行无固定期限资本债券市场隐含评级AA指数
29,京津冀公司信用类债券指数
30,京津冀债券综合指数
31,工行关键期限国债指数
32,广东省地方政府债指数
33,厦门市地方政府债指数
34,商业银行无固定期限资本债券AAA指数
35,粤港澳大湾区绿色债券综合指数
36,中高等级科技创新绿色普惠主题信用债指数
37,红利自由现金流低波股债恒定比例10/90指数
38,高信用等级企业债指数
39,农行乡村振兴债券指数
40,城市商业银行及农村商业银行同业存单AAA指数
41,股债恒定组合10/90指数
42,国信证券深圳市国有企业信用债精选指数
43,商业银行无固定期限资本债券指数
44,银行间碳中和债券指数
45,中高等级信用债综合指数
46,贵阳银行西部高质量发展信用债精选指数
47,投资优选国际信用评级投资级活跃信用债指数
48,红利现金流高等级股债金波动率控制1%指数
49,东方证券科技创新信用债精选指数
50,进出口行新发关键期限债券指数
51,商业银行二级资本债券AAA指数
52,粤港澳大湾区信用债指数
53,投资优选信用债指数
54,科技创新绿色普惠主题信用债指数
55,中国高等级债券指数(美元)
56,信用债总指数
57,高等级科技创新及绿色债券指数
58,中邮理财高等级绿色债券精选指数
59,平安人寿ESG整合策略信用债指数
60,战略性新兴产业信用债指数
61,商业银行债券AAA指数
62,AAA评级债券综合指数
63,高等级黄河流域绿色债券指数
64,高等级公司信用类债券综合指数
65,中信证券高等级同业存单指数
66,浦银理财新质生产力发展债券指数
67,银行间国债指数
68,交易所高等级科技创新债券指数
69,银行间资产支持证券指数
70,中国气候相关债券指数
71,招商银行优选信用债指数
72,福建省地方政府债指数
73,市场隐含评级AA+及以上信用债指数
74,青海省地方政府债指数
75,红利自由现金流低波股债恒定比例25/75指数
76,投资优选信用债分散指数
77,高信用等级城市商业银行及农村商业银行债券指数
78,金融机构二级资本债券总指数
79,新中期票据总指数
80,高收益中期票据指数
81,商业银行二级资本债券指数
82,高信用等级商业银行无固定期限及二级资本债券指数
83,银行间科技创新债券指数
84,金融行业信用债指数
85,高等级科技创新债券行业精选指数
86,固定利率债券指数
87,中信证券挂钩LPR浮动利率政策性银行债活跃券指数
88,广西壮族自治区公司信用类债券指数
89,长三角债券综合指数
90,个人住房抵押贷款资产支持证券指数
91,青岛市地方政府债指数
92,煤炭行业信用债指数
93,安徽省公司信用类债券指数
94,企业债AA+指数
95,挂钩DR浮动利率政策性银行债指数
96,红利自由现金流低波股债恒定比例20/80指数
97,金融机构科技创新债券指数
98,中豫信增河南省信用债指数
99,红利现金流中高等级股债金波动率控制1%指数
100,电力行业优质转型企业信用债指数
101,工行熊猫债30指数
102,申万宏源ESG绿色信用债精选指数
103,天府信用增进公司增信债券指数
104,京津冀绿色债券综合指数
105,高等级科技创新绿色普惠主题信用债指数
106,高信用等级数字经济产业信用债指数
107,中银理财高等级乡村振兴债券指数
108,国有大型商业银行及股份制商业银行债券指数
109,民营企业公司信用类债券指数
110,湖南省地方政府债指数
111,贵州省地方政府债指数
112,新疆维吾尔自治区（新疆生产建设兵团）地方政府债指数
113,国寿资产ESG信用债精选指数
114,中邮理财高等级科技创新债券精选指数
115,平安理财ESG优选绿色债券指数
116,中高等级公司债利差因子指数
117,长三角公司信用类债券指数
118,中信证券精选高等级资产支持证券指数
119,交易所科技创新债券指数
120,中银理财高信用等级同业存单指数
121,中银绿色债券指数
122,国有大型商业银行同业存单指数
123,中高等级长江经济带绿色债券指数
124,AAA信用债综合指数
125,红利自由现金流低波股债金恒定比例指数
126,申万宏源中小微企业主题优选信用债指数
127,企业债总指数
128,商业银行债券指数
129,公司债总指数
130,长江经济带债券综合指数
131,信用债价值因子权重调整策略指数
132,黑龙江省地方政府债指数
133,碳中和绿色债券指数
134,投资优选政策性金融债指数
135,中金公司乡村振兴信用债精选指数
136,高等级公司信用类债券指数
137,京津冀科技创新债券指数
138,渤海银行新质生产力主题科技创新债券指数
139,长三角地方政府债指数
140,AAA科技创新债券指数
141,投资级中资美元债指数
142,成渝地区双城经济圈国有企业信用债精选指数
143,投资优选活跃信用债指数
144,北银理财绿色发展风险平价指数
145,中高等级科技创新债券综合指数
146,个人住房抵押贷款资产支持证券精选指数
147,红利自由现金流低波股债金恒定比例10/85/5指数
148,高信用等级同业存单指数
149,中国绿色债券精选指数
150,长三角中高等级信用债指数
151,江西省地方政府债指数
152,江苏省地方政府债指数
153,中信证券国债及地方政府债精选指数
154,国债及政策性银行债指数
155,高信用等级公司信用类债券综合指数
156,银行间高等级科技创新债券指数
157,公路行业信用债指数
158,投资优选国际信用评级投资级信用债分散指数
159,高信用等级农村商业银行债券优选指数
160,科技创新债券指数
161,科技创新债券综合指数
162,高等级信用债指数
163,中高等级公司信用类债券综合指数
164,中高等级京津冀绿色债券指数
165,城市商业银行及农村商业银行债券AAA指数
166,浦发银行绿色低碳股债优选指数
167,金融债券总指数
168,离岸人民币中国主权及政策性金融债指数
169,安徽省地方政府债指数
170,AA国有企业信用债优选指数
171,中高等级信用债指数
172,工行熊猫债AAA指数
173,国有大型商业银行及股份制商业银行同业存单指数
174,黄金保值国开行债券风险平价指数
175,交行长三角ESG优选信用债指数
176,中信证券ESG优选信用债指数
177,数字经济产业信用债指数
178,投资级公司信用债精选指数
179,中信证券久期轮动政策性金融债指数
180,红利自由现金流低波股债恒定比例30/70指数
181,高等级信用债综合指数
182,投资级公司科技创新债券精选指数
183,交易所信用债AAA指数
184,高信用等级城市商业银行及农村商业银行同业存单指数
185,高信用等级商业银行债券指数
186,投资优选科技创新债券指数
187,固定利率金融债指数
188,银行间高等级碳中和债券指数
189,同业存单AA+指数
190,平安-可投资级信用债指数
191,农发行债券总指数
192,浙江省地方政府债指数
193,上海市地方政府债指数
194,陕西省地方政府债指数
195,资产支持证券指数
196,吉林省地方政府债指数
197,海南省地方政府债指数
198,ESG优选信用债指数
199,中金公司绿色资产支持证券指数
200,市场隐含评级AA+信用债指数
201,同业存单总指数
202,公司信用类债券指数
203,高收益企业债指数
204,企业债AAA指数
205,AAA公司信用类债券综合指数
206,AAA公司信用类债券指数
207,投资优选绿色债券指数
208,系统重要性银行同业存单指数
209,投资级主题绿色债券优选指数
210,高等级央企信用债精选指数
211,红利现金流中高等级股债波动率控制1.5%指数
212,中高等级科技创新及绿色债券指数
213,金融高质量发展主题债券综合指数
214,商业银行无固定期限及二级资本债券指数
215,国开行债券总指数
216,综合指数
217,固定利率企业债指数
218,中期票据总指数
219,黄金保值债券风险平价指数
220,广西壮族自治区地方政府债指数
221,新疆维吾尔自治区地方政府债指数
222,天津市地方政府债指数
223,投资优选综合指数
224,绿色债券综合指数
225,市场隐含评级AAA信用债指数
226,中国铁路债券指数
227,企业债AA指数
228,地方政府债指数
229,国泰海通陕川渝国企信用增强债券精选指数
230,银行间高等级绿色债券指数
231,红利现金流高等级股债波动率控制1.5%指数
232,红利自由现金流低波股债恒定比例5/95指数
233,绿色普惠主题金融债券优选指数
234,建筑工程行业信用债指数
235,长三角绿色债券综合指数
236,银行间债券总指数
237,交易所AAA科技创新债券指数
238,AAA信用债指数
239,银行间市场信用债AAA指数
240,共同富裕主题债券指数
241,中国绿色债券指数
242,优选投资级信用债指数
243,投资优选地方政府债指数
244,湖北省地方政府债指数
245,兴业绿色债券指数
246,银行普通债券AAA指数
247,中期票据AAA指数
248,黄金保值信用债风险平价指数
249,浦发银行ESG精选债券指数
250,北银理财京津冀企业高质量发展多元投资指数
251,固定利率国债指数
252,浮动利率金融债指数
253,AAA公司信用类科技创新债券指数
254,云南省地方政府债指数
255,辽宁省地方政府债指数
256,长江经济带绿色债券综合指数
257,关键期限国债指数
258,红利现金流中高等级股债波动率控制1%指数
259,北京银行高信用等级城市商业银行债券指数
260,中信证券个人汽车抵押贷款资产支持证券指数
261,中高等级长三角绿色债券指数
262,天风国际ESG优选中资美元债指数
263,工行绿色债券指数
264,红利现金流中高等级股债金波动率控制1.5%指数
265,京津冀绿色债券指数
266,河南省地方政府债指数
267,内蒙古自治区地方政府债指数
268,制造行业信用债指数
269,粤港澳大湾区绿色债券指数
270,科技创新及绿色债券指数
271,投资级公司绿色债券精选指数
272,市场隐含评级AAA+信用债指数
273,高等级公司信用类科技创新债券指数
274,银行间绿色债券指数
275,高等级战略性新兴产业信用债指数
276,红利自由现金流低波股债恒定比例15/85指数
277,电力行业信用债指数
278,科技创新绿色普惠主题债券综合指数
279,中高等级战略性新兴产业信用债指数
280,浮动利率债券指数
281,京津冀地方政府债指数
282,宁波市地方政府债指数
283,钢铁行业信用债指数
284,北京市地方政府债指数
285,山西省地方政府债指数
286,宁夏回族自治区地方政府债指数
287,西藏自治区地方政府债指数
288,投资优选国债指数
289,挂钩LPR浮动利率政策性银行债指数
290,银行金融债券AAA指数
291,市场隐含评级AAA-信用债指数
292,国有大型商业银行及股份制商业银行二级资本债券指数
293,高信用等级中期票据指数
294,高信用等级银行金融债券指数
295,同业存单AAA指数
296,中高等级科技创新债券指数
297,商业银行二级资本债券市场隐含评级AA指数
298,高等级绿色公司信用类债券指数
299,银行间AAA科技创新债券指数
300,黄河流域绿色债券综合指数
301,国债总指数
302,长江经济带地方政府债指数
303,山东省地方政府债指数
304,四川省地方政府债指数
305,深圳市地方政府债指数
306,河北省地方政府债指数
307,大连市地方政府债指数
308,信用债价值因子精选策略指数
309,粤港澳大湾区债券综合指数
310,利差驱动股债稳健指数
311,中债信用增进公司增信债券指数
312,银行金融债券指数
313,乡村振兴债券综合指数
