原表证券代码,原表证券简称,来源证券简称,成交净价,最新成交收益率(%),加权成交收益率(%),来源成交时间
101948.IB,23四川18,23四川18,116.66,2.0425,2.0425,2026-09-11 17:12:28
104541.IB,19黑龙江债03,19黑龙江债03,105.35,1.2200,1.2200,2026-09-11 16:24:35
104792.IB,20广东债35,20广东债35,105.40,1.3678,1.3678,2026-09-11 11:34:17
104839.IB,20四川债92,20四川债92,131.36,2.1500,2.1500,2026-09-11 15:56:10
157564.IB,19福建03,19福建03,105.18,1.2745,1.2745,2026-09-11 15:03:14
157631.IB,19河南13,19河南13,115.27,1.5300,1.5300,2026-09-11 15:34:58
1605694.IB,16云南债17,16云南债17,100.39,0.9200,0.9200,2026-09-11 14:00:32
160594.IB,20江苏03,20江苏03,106.63,1.3300,1.3300,2026-09-11 14:05:14
160773.IB,20湖南39,20湖南39,105.65,1.3828,1.3828,2026-09-11 13:46:05
173687.IB,21福建13,21福建13,124.43,1.9200,1.9167,2026-09-11 16:23:02
173695.IB,21云南09,21云南09,133.24,2.1600,2.1595,2026-09-11 15:56:59
173769.IB,21大连09,21大连09,103.77,1.1450,1.1450,2026-09-11 13:42:02
173788.IB,21河北24,21河北24,110.68,1.5342,1.5342,2026-09-11 15:13:32
173859.IB,21浙江47,21浙江47,109.16,1.3750,1.3749,2026-09-11 17:11:52
173861.IB,21浙江49,21浙江49,109.03,1.4000,1.4000,2026-09-11 15:59:00
173875.IB,21四川52,21四川52,117.83,1.6698,1.6698,2026-09-11 14:18:28
173898.IB,21江苏29,21江苏29,116.06,1.6550,1.6550,2026-09-11 14:15:07
173971.IB,22上海28,22上海28,104.22,1.3175,1.3175,2026-09-11 14:46:32
173973.IB,22上海30,22上海30,107.45,1.4625,1.4625,2026-09-11 16:54:53
173994.IB,23重庆02,23重庆02,115.23,1.7300,1.7300,2026-09-11 16:58:29
173995.IB,23重庆03,23重庆03,117.25,2.0360,2.0360,2026-09-11 17:22:52
1805367.IB,18湖南债21,18湖南债21,126.84,1.7350,1.7370,2026-09-11 16:30:13
1905033.IB,19浙江债02,19浙江债02,104.96,1.2650,1.2650,2026-09-11 14:54:38
1905260.IB,19新疆债15,19新疆债15,123.47,1.8150,1.8150,2026-09-11 17:16:52
1905283.IB,19浙江债17,19浙江债17,106.29,1.1975,1.1975,2026-09-11 14:26:52
198187.IB,23重庆债07,23重庆债07,116.76,2.0375,2.0375,2026-09-11 17:23:31
198194.IB,23安徽债23,23安徽债23,114.49,1.7266,1.7268,2026-09-11 16:07:51
198204.IB,23江苏债09,23江苏债09,114.90,1.6984,1.6986,2026-09-11 16:07:42
198212.IB,23湖南债11,23湖南债11,114.59,1.7261,1.7263,2026-09-11 16:07:38
198249.IB,23广东债32,23广东债32,113.82,2.0203,2.0203,2026-09-11 15:46:14
198310.IB,23江苏债20,23江苏债20,104.86,1.3825,1.3825,2026-09-11 11:51:03
198313.IB,23云南债15,23云南债15,102.25,1.2800,1.2800,2026-09-11 14:38:58
198324.IB,23广东债66,23广东债66,113.82,2.0325,2.0325,2026-09-11 09:42:01
198390.IB,23山东债82,23山东债82,106.22,1.3800,1.3800,2026-09-11 11:00:00
198392.IB,23湖北债120,23湖北债120,105.44,1.3884,1.3880,2026-09-11 17:45:13
198393.IB,23湖北债121,23湖北债121,109.90,1.5350,1.5325,2026-09-11 14:18:31
198425.IB,23天津债95,23天津债95,110.29,1.5700,1.5700,2026-09-11 17:08:18
198426.IB,23天津债96,23天津债96,110.29,1.5700,1.5700,2026-09-11 15:44:18
198430.IB,23重庆债59,23重庆债59,103.22,1.2802,1.2802,2026-09-11 17:44:04
198435.IB,24江苏债03,24江苏债03,104.60,1.4188,1.4208,2026-09-11 15:47:27
198515.IB,24山东债25,24山东债25,104.09,1.4156,1.4156,2026-09-11 17:45:20
198518.IB,24河南债22,24河南债22,103.79,1.4450,1.4450,2026-09-11 10:46:20
198552.IB,24广东债70,24广东债70,104.69,1.5909,1.5909,2026-09-11 17:45:09
198574.IB,24江苏债24,24江苏债24,104.37,1.5861,1.5861,2026-09-11 15:23:42
198691.IB,23四川42,23四川42,105.04,1.3700,1.3700,2026-09-11 15:54:53
198716.IB,23浙江39,23浙江39,107.83,1.5000,1.5000,2026-09-11 17:33:23
198727.IB,23湖南99,23湖南99,108.54,1.5221,1.5221,2026-09-11 16:56:04
198777.IB,23四川69,23四川69,113.37,2.0625,2.0646,2026-09-11 16:02:14
198856.IB,23天津83,23天津83,102.91,1.2925,1.2925,2026-09-11 14:07:25
198872.IB,23天津87,23天津87,103.16,1.2800,1.2800,2026-09-11 15:17:28
198874.IB,23天津89,23天津89,110.02,1.5666,1.5666,2026-09-11 15:47:24
198875.IB,23天津90,23天津90,109.99,1.5700,1.5700,2026-09-11 17:08:02
198881.IB,23海南36,23海南36,103.14,1.2700,1.2700,2026-09-11 15:27:47
198897.IB,23湖南138,23湖南138,103.13,1.2723,1.2723,2026-09-11 17:17:57
198931.IB,24浙江03,24浙江03,104.32,1.4140,1.4140,2026-09-11 14:56:30
198936.IB,24内蒙古02,24内蒙古02,104.75,1.4400,1.4400,2026-09-11 16:41:38
198960.IB,24云南04,24云南04,104.18,1.4410,1.4410,2026-09-11 16:43:21
198985.IB,24河南14,24河南14,104.43,1.4114,1.4120,2026-09-11 17:44:54
199080.IB,24山东债77,24山东债77,105.31,1.8455,1.8455,2026-09-11 15:37:40
199083.IB,24湖南债58,24湖南债58,102.71,1.4575,1.4574,2026-09-11 14:57:09
199084.IB,24湖南债59,24湖南债59,104.02,1.6350,1.6329,2026-09-11 15:14:43
199085.IB,24湖南债60,24湖南债60,104.19,2.1510,2.1510,2026-09-11 14:00:14
199092.IB,24福建债46,24福建债46,104.08,1.8508,1.8508,2026-09-11 17:13:47
199129.IB,25江苏债08,25江苏债08,101.61,1.4604,1.4604,2026-09-11 17:45:06
199225.IB,25广东债17,25广东债17,101.15,1.6366,1.6366,2026-09-11 17:13:46
199254.IB,25四川债33,25四川债33,100.98,1.4900,1.4888,2026-09-11 14:38:03
199285.IB,25湖北债55,25湖北债55,99.06,2.1003,2.1003,2026-09-11 14:20:40
199291.IB,25湖北债61,25湖北债61,100.47,1.8908,1.8917,2026-09-11 17:13:47
199318.IB,25湖南债30,25湖南债30,100.98,1.4070,1.4084,2026-09-11 15:08:20
199334.IB,25广东债42,25广东债42,100.90,2.2775,2.2775,2026-09-11 14:34:28
199360.IB,25江苏债39,25江苏债39,101.47,1.4550,1.4550,2026-09-11 15:02:34
199363.IB,25江苏债42,25江苏债42,101.51,1.4550,1.4550,2026-09-11 11:24:23
199375.IB,25河南债65,25河南债65,101.95,2.2780,2.2780,2026-09-11 14:44:42
199395.IB,25内蒙古债26,25内蒙古债26,103.25,1.7600,1.7600,2026-09-11 16:00:36
199422.IB,25河南债90,25河南债90,101.92,1.5681,1.5681,2026-09-11 16:54:20
199460.IB,25内蒙古债36,25内蒙古债36,102.10,1.7715,1.7715,2026-09-11 11:33:08
199472.IB,25河北债79,25河北债79,104.15,2.0124,2.0117,2026-09-11 14:51:49
199502.IB,25河南债120,25河南债120,104.14,2.2848,2.2848,2026-09-11 14:42:47
199558.IB,26湖北债23,26湖北债23,103.67,2.2100,2.2100,2026-09-11 11:27:52
199560.IB,26湖北债25,26湖北债25,102.04,1.7666,1.7666,2026-09-11 11:14:02
199564.IB,26四川债17,26四川债17,101.95,1.7666,1.7666,2026-09-11 14:24:59
199565.IB,26四川债18,26四川债18,105.35,2.2800,2.2800,2026-09-11 15:03:28
199576.IB,26云南债06,26云南债06,100.93,1.7738,1.7738,2026-09-11 15:21:49
199583.IB,26重庆债20,26重庆债20,101.96,1.7666,1.7667,2026-09-11 15:04:15
199603.IB,26福建债09,26福建债09,100.31,1.4900,1.4900,2026-09-11 17:44:59
199612.IB,26安徽债32,26安徽债32,102.72,2.2475,2.2475,2026-09-11 16:03:43
199617.IB,26江苏债17,26江苏债17,100.63,1.5779,1.5779,2026-09-11 11:14:01
199619.IB,26江苏债19,26江苏债19,101.01,2.0300,2.0301,2026-09-11 13:44:54
199620.IB,26江苏债20,26江苏债20,101.82,2.2350,2.2329,2026-09-11 15:42:57
2005103.IB,20山东债15,20山东债15,128.98,2.1500,2.1500,2026-09-11 11:01:18
2005155.IB,20浙江债10,20浙江债10,114.07,1.6075,1.6075,2026-09-11 11:31:00
2005206.IB,20甘肃债06,20甘肃债06,100.98,0.9500,0.9500,2026-09-11 13:41:24
2005310.IB,20江西债12,20江西债12,101.02,1.0400,1.0400,2026-09-11 13:41:24
2005370.IB,20福建债19,20福建债19,105.71,1.3475,1.3475,2026-09-11 13:36:27
2005376.IB,20山西债11,20山西债11,120.36,1.8760,1.8760,2026-09-11 15:12:31
2005532.IB,20厦门债08,20厦门债08,114.57,1.6387,1.6387,2026-09-11 15:13:57
2005612.IB,20福建债32,20福建债32,114.50,1.6575,1.6575,2026-09-11 14:15:24
2005783.IB,20江苏债16,20江苏债16,117.30,1.6125,1.6125,2026-09-11 14:38:53
2005822.IB,20浙江债38,20浙江债38,107.34,1.3800,1.3800,2026-09-11 15:41:42
2005836.IB,20江苏债18,20江苏债18,107.60,1.3200,1.3225,2026-09-11 15:54:10
2005838.IB,20上海债09,20上海债09,107.42,1.3200,1.3200,2026-09-11 15:53:31
2105008.IB,21陕西债02,21陕西债02,108.23,1.4333,1.4333,2026-09-11 14:55:04
2105040.IB,21安徽债04,21安徽债04,109.22,1.3974,1.3974,2026-09-11 15:02:48
2105071.IB,21湖北债03,21湖北债03,109.12,1.3990,1.3990,2026-09-11 14:55:19
2105116.IB,21江西债05,21江西债05,103.56,1.1800,1.1500,2026-09-11 15:42:28
2105223.IB,21湖北债36,21湖北债36,119.48,1.7177,1.7177,2026-09-11 15:13:32
2105235.IB,21浙江债10,21浙江债10,108.84,1.3850,1.3844,2026-09-11 17:11:42
2105237.IB,21浙江债12,21浙江债12,124.44,1.8900,1.8900,2026-09-11 15:37:38
2105269.IB,21广东债37,21广东债37,124.22,1.8900,1.8900,2026-09-11 14:13:08
2105286.IB,21广东债54,21广东债54,108.95,1.3636,1.3649,2026-09-11 14:32:43
2105699.IB,21广东债72,21广东债72,116.07,1.6500,1.6500,2026-09-11 11:48:37
2105754.IB,21贵州债29,21贵州债29,116.27,1.6975,1.6970,2026-09-11 15:34:56
2105829.IB,21安徽债38,21安徽债38,116.88,1.6750,1.6713,2026-09-11 15:24:46
2105880.IB,21宁波债24,21宁波债24,119.13,1.9636,1.9636,2026-09-11 16:19:16
2105982.IB,21江苏债22,21江苏债22,100.24,0.9196,0.9196,2026-09-11 14:00:32
2171072.IB,21广东债90,21广东债90,104.27,1.1600,1.1600,2026-09-11 13:30:44
2171074.IB,21广东债92,21广东债92,104.22,1.1750,1.1750,2026-09-11 15:05:20
2171173.IB,21安徽债51,21安徽债51,117.19,1.6800,1.6787,2026-09-11 16:20:14
2171176.IB,21安徽债54,21安徽债54,100.41,0.9201,0.9201,2026-09-11 14:00:32
2171196.IB,21四川债71,21四川债71,100.34,0.9198,0.9198,2026-09-11 14:00:32
2171290.IB,21河北债61,21河北债61,109.97,1.5625,1.5625,2026-09-11 15:26:46
2171303.IB,21湖南债100,21湖南债100,117.08,1.6800,1.6780,2026-09-11 15:23:46
2171309.IB,21湖南债106,21湖南债106,120.64,1.9625,1.9594,2026-09-11 15:26:47
2171347.IB,21内蒙古债39,21内蒙古债39,100.45,0.9200,0.9200,2026-09-11 14:00:32
2171361.IB,21浙江债67,21浙江债67,120.66,1.9275,1.9275,2026-09-11 15:56:04
2171439.IB,21湖南债140,21湖南债140,118.72,1.9700,1.9700,2026-09-11 17:07:34
2171455.IB,21湖北债176,21湖北债176,104.07,1.2840,1.2840,2026-09-11 14:55:03
2205076.IB,22广东债08,22广东债08,117.54,1.9525,1.9525,2026-09-11 17:10:35
2205119.IB,22内蒙古债01,22内蒙古债01,107.66,1.4806,1.4806,2026-09-11 15:19:40
2205129.IB,22重庆债02,22重庆债02,114.16,1.6900,1.6933,2026-09-11 16:43:09
2205320.IB,22山东债16,22山东债16,119.15,1.9843,1.9843,2026-09-11 16:43:08
2205697.IB,22广东债28,22广东债28,117.69,1.9630,1.9629,2026-09-11 15:43:11
2205714.IB,22山东债26,22山东债26,125.43,2.1550,2.1550,2026-09-11 15:00:18
2205879.IB,22山东债34,22山东债34,124.87,2.1550,2.1550,2026-09-11 15:10:48
2271024.IB,22广东债38,22广东债38,116.97,1.9631,1.9633,2026-09-11 15:11:11
2271167.IB,22四川债67,22四川债67,104.36,1.3112,1.3112,2026-09-11 15:07:34
2271170.IB,22四川债70,22四川债70,104.36,1.3112,1.3112,2026-09-11 15:07:36
2271180.IB,22四川债80,22四川债80,117.23,2.0000,2.0000,2026-09-11 10:10:37
2271241.IB,22天津债51,22天津债51,116.65,2.0400,2.0382,2026-09-11 16:23:30
2271337.IB,22浙江债39,22浙江债39,117.44,1.9703,1.9703,2026-09-11 16:45:24
2271375.IB,22山东债50,22山东债50,123.94,2.1550,2.1550,2026-09-11 15:00:24
2271509.IB,22云南债27,22云南债27,101.52,0.9500,0.9500,2026-09-11 13:41:24
2271552.IB,22云南债28,22云南债28,104.52,1.3160,1.3160,2026-09-11 13:51:08
2271559.IB,22安徽债55,22安徽债55,104.48,1.3000,1.3000,2026-09-11 13:30:54
2271579.IB,22甘肃债23,22甘肃债23,104.36,1.3100,1.3100,2026-09-11 16:06:52
2271626.IB,22重庆债39,22重庆债39,113.60,1.7017,1.7019,2026-09-11 14:44:38
2271936.IB,22宁波债29,22宁波债29,104.55,1.3110,1.3110,2026-09-11 13:30:55
2271959.IB,22陕西债65,22陕西债65,114.91,2.0225,2.0225,2026-09-11 11:10:16
2292014.IB,22湖南债155,22湖南债155,113.42,1.7171,1.7173,2026-09-11 16:21:39
2292061.IB,22浙江债64,22浙江债64,108.83,1.4933,1.4933,2026-09-11 16:10:04
2305030.IB,23广东债04,23广东债04,114.52,1.7063,1.7030,2026-09-11 17:13:51
2305069.IB,23四川债07,23四川债07,115.95,2.0375,2.0375,2026-09-11 16:26:15
2305131.IB,23江苏债03,23江苏债03,124.86,2.1430,2.1430,2026-09-11 14:47:08
2305246.IB,23江西债28,23江西债28,109.11,1.4995,1.4995,2026-09-11 15:07:28
2305279.IB,23甘肃债06,23甘肃债06,116.34,2.0590,2.0529,2026-09-11 17:09:02
2305325.IB,23四川债23,23四川债23,115.69,2.0475,2.0470,2026-09-11 17:47:19
2305340.IB,23广东债13,23广东债13,109.10,1.4836,1.4843,2026-09-11 16:52:48
2305341.IB,23广东债14,23广东债14,108.99,1.5025,1.5025,2026-09-11 15:05:07
2305343.IB,23广东债16,23广东债16,116.11,2.0127,2.0131,2026-09-11 16:18:04
2305393.IB,23浙江债20,23浙江债20,108.86,1.5036,1.5036,2026-09-11 15:12:18
2305464.IB,23云南债13,23云南债13,105.05,1.3750,1.3750,2026-09-11 11:31:41
2305489.IB,23宁波债16,23宁波债16,114.33,2.0425,2.0436,2026-09-11 15:29:16
2305521.IB,23四川债35,23四川债35,108.26,1.5100,1.5100,2026-09-11 14:34:12
2305552.IB,23安徽债60,23安徽债60,113.94,2.0525,2.0533,2026-09-11 15:42:54
2305557.IB,23吉林债13,23吉林债13,102.13,1.2955,1.2955,2026-09-11 14:33:59
2305849.IB,23安徽债81,23安徽债81,105.07,1.3750,1.3750,2026-09-11 13:53:58
2305859.IB,23吉林债32,23吉林债32,105.28,1.4350,1.4318,2026-09-11 14:53:00
2305880.IB,23广东债47,23广东债47,114.67,2.0300,2.0300,2026-09-11 13:34:46
2305937.IB,23四川债59,23四川债59,113.29,2.0650,2.0650,2026-09-11 16:27:14
2305957.IB,23安徽债91,23安徽债91,113.12,2.0681,2.0654,2026-09-11 16:44:00
231817.IB,24山东22,24山东22,110.49,2.1550,2.1550,2026-09-11 15:05:06
231891.IB,24上海06,24上海06,105.49,1.5565,1.5565,2026-09-11 13:32:15
231954.IB,24浙江34,24浙江34,105.33,2.1550,2.1459,2026-09-11 14:47:07
231977.IB,24陕西31,24陕西31,104.06,1.5880,1.5880,2026-09-11 16:49:45
232860.IB,24云南33,24云南33,105.01,1.6410,1.6405,2026-09-11 14:40:15
232885.IB,25湖北11,25湖北11,100.21,1.8425,1.8444,2026-09-11 15:20:43
232895.IB,25重庆02,25重庆02,101.10,1.8668,1.8682,2026-09-11 17:35:04
232908.IB,25四川11,25四川11,101.55,1.6520,1.6523,2026-09-11 17:13:49
232982.IB,25湖南07,25湖南07,99.58,2.1272,2.1274,2026-09-11 16:21:16
232994.IB,25浙江14,25浙江14,100.13,1.8493,1.8476,2026-09-11 14:50:36
234845.IB,25江苏31,25江苏31,101.07,1.4730,1.4724,2026-09-11 16:05:35
234873.IB,25山东46,25山东46,101.33,1.8900,1.8900,2026-09-11 17:13:46
235732.IB,25云南33,25云南33,102.89,1.7629,1.7629,2026-09-11 14:32:55
235805.IB,25浙江69,25浙江69,101.40,1.7435,1.7435,2026-09-11 15:49:22
235823.IB,25湖南70,25湖南70,101.83,1.7534,1.7534,2026-09-11 11:12:43
235857.IB,26山东02,26山东02,104.53,2.2775,2.2796,2026-09-11 16:37:35
235862.IB,26山东07,26山东07,104.46,2.0199,2.0187,2026-09-11 14:48:46
235863.IB,26山东08,26山东08,104.47,2.2800,2.2795,2026-09-11 16:10:48
235864.IB,26青岛10,26青岛10,101.06,1.5831,1.5831,2026-09-11 15:25:14
235879.IB,26黑龙江05,26黑龙江05,104.38,2.2850,2.2842,2026-09-11 16:07:58
235881.IB,26广西09,26广西09,101.92,1.7600,1.7589,2026-09-11 14:42:33
235891.IB,26安徽20,26安徽20,104.20,2.2431,2.2431,2026-09-11 14:33:23
235896.IB,26江苏16,26江苏16,102.76,2.2350,2.2349,2026-09-11 16:23:13
235898.IB,26河南15,26河南15,105.18,2.2780,2.2780,2026-09-11 15:57:47
235909.IB,26四川25,26四川25,103.94,2.2300,2.2300,2026-09-11 13:36:39
235911.IB,26四川27,26四川27,104.82,2.2750,2.2750,2026-09-11 13:49:46
235922.IB,26贵州10,26贵州10,104.87,2.2825,2.2825,2026-09-11 14:43:07
235942.IB,26内蒙古06,26内蒙古06,101.50,2.0800,2.0800,2026-09-11 16:14:15
2371025.IB,23江西债66,23江西债66,117.21,2.1550,2.1550,2026-09-11 15:04:43
2371110.IB,23浙江债62,23浙江债62,111.66,2.0350,2.0350,2026-09-11 15:21:47
2371169.IB,23湖北债103,23湖北债103,108.93,1.5250,1.5250,2026-09-11 11:39:39
2371227.IB,23陕西债55,23陕西债55,105.53,1.3850,1.3850,2026-09-11 15:18:59
2371304.IB,23湖南债131,23湖南债131,103.24,1.2788,1.2788,2026-09-11 17:54:33
2371326.IB,23湖南债135,23湖南债135,103.30,1.2792,1.2792,2026-09-11 17:54:30
2371340.IB,23河北债62,23河北债62,103.27,1.2798,1.2798,2026-09-11 17:26:28
2371368.IB,23宁波债30,23宁波债30,102.75,1.2725,1.2725,2026-09-11 15:57:40
2371413.IB,23浙江债72,23浙江债72,108.11,1.5300,1.5300,2026-09-11 18:07:07
2405006.IB,24山东债02,24山东债02,105.20,1.4310,1.4310,2026-09-11 15:45:45
2405029.IB,24广东债14,24广东债14,104.72,1.4200,1.4200,2026-09-11 15:47:27
2405093.IB,24辽宁债02,24辽宁债02,104.65,1.4410,1.4407,2026-09-11 16:42:49
2405105.IB,24福建债06,24福建债06,108.30,2.0900,2.0890,2026-09-11 15:55:11
2405171.IB,24浙江债15,24浙江债15,106.78,2.0575,2.0575,2026-09-11 15:11:51
2405204.IB,24黑龙江债03,24黑龙江债03,104.18,1.4400,1.4400,2026-09-11 17:05:34
2405284.IB,24山东债18,24山东债18,104.36,1.4070,1.4070,2026-09-11 10:38:20
2405289.IB,24辽宁债07,24辽宁债07,104.20,1.4410,1.4410,2026-09-11 16:43:20
2405365.IB,24江西债26,24江西债26,110.08,2.1550,2.1550,2026-09-11 15:04:48
2405392.IB,24陕西债13,24陕西债13,107.55,2.0975,2.0963,2026-09-11 15:54:10
2405431.IB,24安徽债27,24安徽债27,104.09,1.4157,1.4157,2026-09-11 17:45:05
2405454.IB,24重庆债17,24重庆债17,104.06,1.4134,1.4134,2026-09-11 11:05:40
2405590.IB,24四川债32,24四川债32,103.63,1.4462,1.4462,2026-09-11 15:49:06
2405633.IB,24陕西债20,24陕西债20,105.15,1.6111,1.6106,2026-09-11 17:45:15
2405642.IB,24山东债33,24山东债33,103.24,1.4560,1.4560,2026-09-11 14:44:58
2405664.IB,24福建债24,24福建债24,104.28,1.6104,1.6104,2026-09-11 17:01:02
2405665.IB,24福建债25,24福建债25,105.24,1.8222,1.8222,2026-09-11 11:02:54
2405818.IB,24江西债51,24江西债51,104.73,1.5850,1.5850,2026-09-11 16:49:10
2405831.IB,24四川债43,24四川债43,104.50,1.6152,1.6152,2026-09-11 17:13:45
2405832.IB,24四川债44,24四川债44,105.41,1.8292,1.8292,2026-09-11 15:15:04
2405836.IB,24四川债48,24四川债48,104.50,1.6152,1.6152,2026-09-11 17:45:19
2405840.IB,24福建债30,24福建债30,104.13,1.6180,1.6180,2026-09-11 17:01:02
2405847.IB,24河北债54,24河北债54,104.48,1.5909,1.5920,2026-09-11 17:13:48
2405876.IB,24安徽债72,24安徽债72,103.79,1.6150,1.6150,2026-09-11 11:41:23
2405983.IB,24广东债79,24广东债79,103.83,1.5900,1.5900,2026-09-11 09:01:55
2405984.IB,24广东债80,24广东债80,104.19,1.8077,1.8077,2026-09-11 17:36:01
2405989.IB,24江苏债27,24江苏债27,104.13,1.8130,1.8090,2026-09-11 17:13:48
2405998.IB,24四川债58,24四川债58,103.60,1.6199,1.6190,2026-09-11 17:13:52
2471031.IB,24江西债66,24江西债66,106.34,1.8416,1.8416,2026-09-11 17:13:49
2471075.IB,24浙江债49,24浙江债49,105.54,1.8135,1.8135,2026-09-11 17:13:51
2471088.IB,24广东债93,24广东债93,105.40,1.8150,1.8150,2026-09-11 17:13:48
2471138.IB,24福建债34,24福建债34,105.42,1.8433,1.8433,2026-09-11 17:13:50
2471140.IB,24福建债36,24福建债36,104.59,1.5953,1.5953,2026-09-11 13:32:53
2471166.IB,24上海债25,24上海债25,104.63,1.6000,1.6000,2026-09-11 17:33:23
2471207.IB,24浙江债59,24浙江债59,105.19,1.8165,1.8165,2026-09-11 09:01:50
2471216.IB,24江苏债35,24江苏债35,100.33,1.2200,1.2200,2026-09-11 17:44:36
2471218.IB,24江苏债37,24江苏债37,103.89,1.6025,1.6016,2026-09-11 15:13:36
2471219.IB,24江苏债38,24江苏债38,104.62,1.8252,1.8192,2026-09-11 17:13:48
2471252.IB,24云南债38,24云南债38,104.21,2.1600,2.1596,2026-09-11 16:10:53
2471253.IB,24四川债64,24四川债64,103.87,1.6342,1.6345,2026-09-11 17:13:50
2471254.IB,24四川债65,24四川债65,105.08,1.8451,1.8451,2026-09-11 13:50:41
2471265.IB,24安徽债75,24安徽债75,100.99,1.3465,1.3465,2026-09-11 14:22:20
2471266.IB,24安徽债76,24安徽债76,102.03,1.4645,1.4595,2026-09-11 16:41:06
2471267.IB,24安徽债77,24安徽债77,102.79,1.6365,1.6369,2026-09-11 17:01:02
2471279.IB,24内蒙古债28,24内蒙古债28,103.20,1.6324,1.6324,2026-09-11 17:16:52
2471290.IB,24新疆债64,24新疆债64,103.26,1.6450,1.6450,2026-09-11 17:16:51
2471291.IB,24重庆债46,24重庆债46,103.46,1.6100,1.6100,2026-09-11 17:16:52
2471293.IB,24重庆债48,24重庆债48,102.30,1.4600,1.4600,2026-09-11 11:04:57
2471295.IB,24重庆债50,24重庆债50,102.26,2.1300,2.1302,2026-09-11 15:32:00
2505014.IB,25广东债04,25广东债04,100.66,1.6153,1.6153,2026-09-11 13:57:57
2505015.IB,25广东债05,25广东债05,101.89,1.8296,1.8264,2026-09-11 17:13:45
2505064.IB,25浙江债02,25浙江债02,100.14,1.8377,1.8377,2026-09-11 17:13:47
2505099.IB,25福建债09,25福建债09,101.94,1.8657,1.8657,2026-09-11 17:13:46
2505118.IB,25湖北债14,25湖北债14,100.11,1.8605,1.8605,2026-09-11 14:26:24
2505133.IB,25内蒙古债04,25内蒙古债04,102.41,1.6536,1.6536,2026-09-11 17:16:51
2505193.IB,25宁波债08,25宁波债08,100.71,1.8700,1.8700,2026-09-11 17:13:49
2505221.IB,25河北债14,25河北债14,100.85,2.1500,2.1500,2026-09-11 14:10:06
2505230.IB,25重庆债12,25重庆债12,103.46,1.6620,1.6620,2026-09-11 17:13:48
2505274.IB,25四川债20,25四川债20,101.87,2.1275,2.1275,2026-09-11 14:56:14
2505309.IB,25湖南债11,25湖南债11,101.91,1.6610,1.6616,2026-09-11 14:39:59
2505319.IB,25湖北债36,25湖北债36,100.53,2.0956,2.0956,2026-09-11 14:20:54
2505345.IB,25山东债26,25山东债26,102.39,1.8800,1.8800,2026-09-11 17:13:52
2505380.IB,25福建债21,25福建债21,99.19,2.1225,2.1228,2026-09-11 15:06:39
2505545.IB,25新疆债24,25新疆债24,98.30,2.1400,2.1388,2026-09-11 14:44:25
2505569.IB,25上海债23,25上海债23,100.37,1.6450,1.6450,2026-09-11 13:39:22
2505576.IB,25上海债30,25上海债30,100.37,1.6450,1.6450,2026-09-11 13:38:14
2505634.IB,25广东债32,25广东债32,101.07,1.4777,1.4774,2026-09-11 15:49:08
2505671.IB,25福建债28,25福建债28,100.60,1.4072,1.4062,2026-09-11 14:42:07
2505687.IB,25宁夏债14,25宁夏债14,98.61,2.1300,2.1300,2026-09-11 14:56:14
2505769.IB,25安徽债69,25安徽债69,101.43,1.8919,1.8919,2026-09-11 10:19:26
2505793.IB,25山东债73,25山东债73,101.23,1.6510,1.6505,2026-09-11 14:33:46
2505819.IB,25湖南债34,25湖南债34,101.06,1.4080,1.4090,2026-09-11 15:10:44
2505850.IB,25浙江债56,25浙江债56,102.19,1.7341,1.7341,2026-09-11 17:13:12
2505852.IB,25内蒙古债22,25内蒙古债22,101.79,1.7625,1.7625,2026-09-11 16:02:45
2505882.IB,25山东债79,25山东债79,101.77,1.5850,1.5850,2026-09-11 14:22:52
2505892.IB,25安徽债81,25安徽债81,101.58,2.2275,2.2275,2026-09-11 14:21:43
2505907.IB,25安徽债96,25安徽债96,101.42,2.2275,2.2275,2026-09-11 14:21:26
2505928.IB,25陕西债44,25陕西债44,101.84,2.2400,2.2319,2026-09-11 16:03:49
2505956.IB,25上海债41,25上海债41,101.24,1.7400,1.7394,2026-09-11 15:40:22
2571002.IB,25广东债48,25广东债48,100.90,2.2775,2.2775,2026-09-11 14:40:21
2571003.IB,25广东债49,25广东债49,100.90,2.2775,2.2775,2026-09-11 09:44:47
2571009.IB,25广西债24,25广西债24,102.62,2.2300,2.2304,2026-09-11 15:58:01
2571051.IB,25广东债56,25广东债56,104.12,2.0019,2.0019,2026-09-11 13:36:05
2571151.IB,25河南债78,25河南债78,102.51,1.7508,1.7508,2026-09-11 16:00:29
2571206.IB,25广东债66,25广东债66,103.63,2.0035,2.0048,2026-09-11 15:15:31
2571244.IB,25江西债71,25江西债71,102.48,1.7651,1.7651,2026-09-11 14:17:24
2571270.IB,25江西债78,25江西债78,102.22,2.2367,2.2367,2026-09-11 14:33:34
2571291.IB,25江苏债45,25江苏债45,100.98,1.7444,1.7445,2026-09-11 16:48:26
2571308.IB,25新疆债61,25新疆债61,101.39,2.2500,2.2500,2026-09-11 16:08:31
2571309.IB,25新疆债62,25新疆债62,101.46,2.2460,2.2455,2026-09-11 14:00:55
2571314.IB,25云南债47,25云南债47,100.75,1.7710,1.7710,2026-09-11 16:48:00
2571316.IB,25云南债49,25云南债49,100.40,1.3940,1.3940,2026-09-11 16:32:59
2571321.IB,25贵州债37,25贵州债37,102.07,2.2825,2.2833,2026-09-11 16:30:48
2571414.IB,25四川债68,25四川债68,103.34,2.2730,2.2730,2026-09-11 14:59:26
2571419.IB,25四川债73,25四川债73,102.99,2.2376,2.2376,2026-09-11 14:33:29
2571459.IB,25浙江债80,25浙江债80,102.17,1.7450,1.7450,2026-09-11 16:00:21
2605036.IB,26浙江债07,26浙江债07,103.56,2.2325,2.2325,2026-09-11 11:43:44
2605056.IB,26安徽债14,26安徽债14,103.41,2.2800,2.2800,2026-09-11 16:13:20
2605063.IB,26四川债04,26四川债04,103.68,2.2775,2.2783,2026-09-11 16:12:11
2605070.IB,26四川债11,26四川债11,103.41,2.2800,2.2800,2026-09-11 11:15:39
2605077.IB,26广东债03,26广东债03,103.13,2.2300,2.2309,2026-09-11 15:40:29
2605078.IB,26广东债04,26广东债04,103.13,2.2300,2.2300,2026-09-11 10:47:35
2605079.IB,26广东债05,26广东债05,103.73,2.2750,2.2753,2026-09-11 15:20:59
2605080.IB,26广东债06,26广东债06,103.68,2.2775,2.2775,2026-09-11 15:18:48
2605139.IB,26西藏债01,26西藏债01,104.91,2.2800,2.2838,2026-09-11 14:47:29
2605159.IB,26河南债06,26河南债06,104.27,2.2800,2.2792,2026-09-11 15:04:38
2605164.IB,26河南债11,26河南债11,103.64,2.2375,2.2375,2026-09-11 14:22:16
2605165.IB,26河南债12,26河南债12,104.32,2.2775,2.2777,2026-09-11 16:13:49
2605167.IB,26江西债02,26江西债02,102.09,1.7675,1.7675,2026-09-11 15:09:49
2605174.IB,26江西债09,26江西债09,104.10,2.2780,2.2779,2026-09-11 14:45:14
2605201.IB,26海南债05,26海南债05,104.64,2.2726,2.2726,2026-09-11 15:02:11
2605205.IB,26江苏债07,26江苏债07,100.86,1.5975,1.5975,2026-09-11 14:34:05
2605207.IB,26江苏债09,26江苏债09,103.89,2.2775,2.2765,2026-09-11 15:18:40
2605213.IB,26山西债06,26山西债06,103.55,2.0250,2.0250,2026-09-11 15:05:59
2605226.IB,26湖南债04,26湖南债04,103.37,2.2350,2.2350,2026-09-11 16:29:01
2605227.IB,26湖南债05,26湖南债05,103.68,2.2775,2.2775,2026-09-11 16:04:03
2605233.IB,26浙江债15,26浙江债15,103.47,2.2775,2.2757,2026-09-11 16:20:30
2605237.IB,26河北债04,26河北债04,102.01,1.7574,1.7574,2026-09-11 14:57:52
2605238.IB,26河北债05,26河北债05,101.92,1.7676,1.7676,2026-09-11 09:51:04
2605248.IB,26河北债15,26河北债15,103.86,2.2790,2.2792,2026-09-11 16:21:07
2605249.IB,26河北债16,26河北债16,103.84,2.2800,2.2791,2026-09-11 15:41:21
2605253.IB,26宁夏债04,26宁夏债04,104.86,2.2825,2.2832,2026-09-11 15:50:17
2605255.IB,26内蒙古债02,26内蒙古债02,103.71,2.2536,2.2536,2026-09-11 14:36:36
2605256.IB,26内蒙古债03,26内蒙古债03,104.70,2.2800,2.2800,2026-09-11 15:50:25
2605258.IB,26河北债17,26河北债17,104.06,2.2800,2.2789,2026-09-11 15:28:42
2605259.IB,26辽宁债08,26辽宁债08,102.27,1.7683,1.7683,2026-09-11 15:14:00
2605265.IB,26江苏债11,26江苏债11,102.31,2.0251,2.0251,2026-09-11 13:40:23
2605268.IB,26江苏债14,26江苏债14,104.33,2.2775,2.2774,2026-09-11 16:56:51
2605272.IB,26广东债20,26广东债20,103.58,2.2325,2.2325,2026-09-11 15:49:50
2605273.IB,26广东债21,26广东债21,104.34,2.2770,2.2773,2026-09-11 16:14:24
2605274.IB,26广东债22,26广东债22,104.39,2.2750,2.2750,2026-09-11 15:18:50
2605277.IB,26广东债25,26广东债25,103.42,2.0260,2.0268,2026-09-11 13:36:40
2605280.IB,26湖南债11,26湖南债11,104.51,2.2790,2.2790,2026-09-11 14:17:23
2605281.IB,26湖南债12,26湖南债12,101.91,1.7700,1.7700,2026-09-11 17:29:06
2605282.IB,26湖南债13,26湖南债13,104.54,2.2775,2.2763,2026-09-11 15:32:18
2605284.IB,26福建债05,26福建债05,104.54,2.2778,2.2779,2026-09-11 15:35:20
2605299.IB,26河北债19,26河北债19,101.76,1.7679,1.7679,2026-09-11 09:51:04
2605342.IB,26甘肃债12,26甘肃债12,102.37,1.7682,1.7681,2026-09-11 16:48:58
2605362.IB,26山东债29,26山东债29,101.84,1.7590,1.7590,2026-09-11 15:20:17
2605383.IB,26吉林债07,26吉林债07,105.30,2.2825,2.2803,2026-09-11 15:50:56
2605386.IB,26河北债21,26河北债21,102.03,1.7680,1.7680,2026-09-11 10:12:07
2605392.IB,26海南债14,26海南债14,104.30,2.3025,2.3025,2026-09-11 13:32:04
2605401.IB,26上海债08,26上海债08,100.59,1.4850,1.4842,2026-09-11 14:42:13
2605407.IB,26上海债14,26上海债14,103.25,2.0305,2.0315,2026-09-11 13:36:58
2605416.IB,26黑龙江债06,26黑龙江债06,101.32,1.7690,1.7690,2026-09-11 15:13:31
2605428.IB,26云南债10,26云南债10,104.02,2.2825,2.2826,2026-09-11 14:53:24
2605444.IB,26广西债17,26广西债17,102.02,2.2500,2.2500,2026-09-11 15:15:37
2605511.IB,26重庆债28,26重庆债28,102.59,2.0350,2.0350,2026-09-11 15:25:38
809076.IB,23北京10,23北京10,102.34,1.2200,1.2270,2026-09-11 16:07:25
809179.IB,24湖南33,24湖南33,105.43,1.8283,1.8277,2026-09-11 16:09:46
809270.IB,25江苏43,25江苏43,102.05,1.5400,1.5400,2026-09-11 16:53:40
